form_type,filer_committee_id_number,transaction_id_number,back_reference_tran_id_number,back_reference_sched_name,entity_type,payee_organization_name,payee_last_name,payee_first_name,payee_middle_name,payee_prefix,payee_suffix,payee_street_1,payee_street_2,payee_city,payee_state,payee_zip_code,election_code,election_other_description,expenditure_date,expenditure_amount,semi_annual_refunded_bundled_amt,expenditure_purpose_descrip,category_code,beneficiary_committee_fec_id,beneficiary_committee_name,beneficiary_candidate_fec_id,beneficiary_candidate_last_name,beneficiary_candidate_first_name,beneficiary_candidate_middle_name,beneficiary_candidate_prefix,beneficiary_candidate_suffix,beneficiary_candidate_office,beneficiary_candidate_state,beneficiary_candidate_district,conduit_name,conduit_street_1,conduit_street_2,conduit_city,conduit_state,conduit_zip_code,memo_code,memo_text_description,reference_to_si_or_sl_system_code_that_identifies_the_account
SB21B,C00578609,500525764,,,ORG,A Taste Of Excellence,,,,,,16888 Pearl Rd,,Cleveland,OH,441366008,,,2024-07-03,3100.63,0.00,Catering,,,,,,,,,,,,,,,,,,,,
SB21B,C00578609,500525767,,,ORG,A Taste Of Excellence,,,,,,16888 Pearl Rd,,Cleveland,OH,441366008,,,2024-08-06,6774.97,0.00,Catering,,,,,,,,,,,,,,,,,,,,
SB21B,C00578609,500535428,,,ORG,A Taste Of Excellence,,,,,,16888 Pearl Rd,,Cleveland,OH,441366008,,,2024-09-10,3442.23,0.00,Catering,,,,,,,,,,,,,,,,,,,,
SB21B,C00578609,500525765,,,ORG,Accessible Gourmet,,,,,,8000 Darbys Run,,Chagrin Falls,OH,440234838,,,2024-07-03,625.00,0.00,Catering,,,,,,,,,,,,,,,,,,,,
SB21B,C00578609,500525768,,,ORG,Accessible Gourmet,,,,,,8000 Darbys Run,,Chagrin Falls,OH,440234838,,,2024-08-06,625.00,0.00,Catering,,,,,,,,,,,,,,,,,,,,
SB21B,C00578609,500535429,,,ORG,Accessible Gourmet,,,,,,8000 Darbys Run,,Chagrin Falls,OH,440234838,,,2024-09-25,625.00,0.00,Catering,,,,,,,,,,,,,,,,,,,,
SB21B,C00578609,500514311,,,ORG,ActBlue Technical Services,,,,,,366 Summer St,,Somerville,MA,021443132,,,2024-07-03,1750.47,0.00,Merchant Fees,,,,,,,,,,,,,,,,,,,,
SB21B,C00578609,500515088,,,ORG,ActBlue Technical Services,,,,,,366 Summer St,,Somerville,MA,021443132,,,2024-07-07,1165.26,0.00,Merchant Fees,,,,,,,,,,,,,,,,,,,,
SB21B,C00578609,500516857,,,ORG,ActBlue Technical Services,,,,,,366 Summer St,,Somerville,MA,021443132,,,2024-07-10,6269.68,0.00,Merchant Fees,,,,,,,,,,,,,,,,,,,,
SB21B,C00578609,500517280,,,ORG,ActBlue Technical Services,,,,,,366 Summer St,,Somerville,MA,021443132,,,2024-07-14,3775.26,0.00,Merchant Fees,,,,,,,,,,,,,,,,,,,,
SB21B,C00578609,500518064,,,ORG,ActBlue Technical Services,,,,,,366 Summer St,,Somerville,MA,021443132,,,2024-07-17,6736.99,0.00,Merchant Fees,,,,,,,,,,,,,,,,,,,,
SB21B,C00578609,500519288,,,ORG,ActBlue Technical Services,,,,,,366 Summer St,,Somerville,MA,021443132,,,2024-07-21,6136.33,0.00,Merchant Fees,,,,,,,,,,,,,,,,,,,,
SB21B,C00578609,500519520,,,ORG,ActBlue Technical Services,,,,,,366 Summer St,,Somerville,MA,021443132,,,2024-07-24,9225.04,0.00,Merchant Fees,,,,,,,,,,,,,,,,,,,,
SB21B,C00578609,500525830,,,ORG,ActBlue Technical Services,,,,,,366 Summer St,,Somerville,MA,021443132,,,2024-07-28,4454.00,0.00,Merchant Fees,,,,,,,,,,,,,,,,,,,,
SB21B,C00578609,500520187,,,ORG,ActBlue Technical Services,,,,,,366 Summer St,,Somerville,MA,021443132,,,2024-07-31,3501.89,0.00,Merchant Fees,,,,,,,,,,,,,,,,,,,,
SB21B,C00578609,500520566,,,ORG,ActBlue Technical Services,,,,,,366 Summer St,,Somerville,MA,021443132,,,2024-08-04,4519.45,0.00,Merchant Fees,,,,,,,,,,,,,,,,,,,,
SB21B,C00578609,500520969,,,ORG,ActBlue Technical Services,,,,,,366 Summer St,,Somerville,MA,021443132,,,2024-08-07,4165.49,0.00,Merchant Fees,,,,,,,,,,,,,,,,,,,,
SB21B,C00578609,500521547,,,ORG,ActBlue Technical Services,,,,,,366 Summer St,,Somerville,MA,021443132,,,2024-08-11,5234.57,0.00,Merchant Fees,,,,,,,,,,,,,,,,,,,,
SB21B,C00578609,500522156,,,ORG,ActBlue Technical Services,,,,,,366 Summer St,,Somerville,MA,021443132,,,2024-08-14,6018.86,0.00,Merchant Fees,,,,,,,,,,,,,,,,,,,,
SB21B,C00578609,500523390,,,ORG,ActBlue Technical Services,,,,,,366 Summer St,,Somerville,MA,021443132,,,2024-08-18,5077.60,0.00,Merchant Fees,,,,,,,,,,,,,,,,,,,,
SB21B,C00578609,500524352,,,ORG,ActBlue Technical Services,,,,,,366 Summer St,,Somerville,MA,021443132,,,2024-08-21,6853.79,0.00,Merchant Fees,,,,,,,,,,,,,,,,,,,,
SB21B,C00578609,500525011,,,ORG,ActBlue Technical Services,,,,,,366 Summer St,,Somerville,MA,021443132,,,2024-08-25,5129.03,0.00,Merchant Fees,,,,,,,,,,,,,,,,,,,,
SB21B,C00578609,500525434,,,ORG,ActBlue Technical Services,,,,,,366 Summer St,,Somerville,MA,021443132,,,2024-08-28,7359.05,0.00,Merchant Fees,,,,,,,,,,,,,,,,,,,,
SB21B,C00578609,500525869,,,ORG,ActBlue Technical Services,,,,,,366 Summer St,,Somerville,MA,021443132,,,2024-08-31,5767.35,0.00,Merchant Fees,,,,,,,,,,,,,,,,,,,,
SB21B,C00578609,500525870,,,ORG,ActBlue Technical Services,,,,,,366 Summer St,,Somerville,MA,021443132,,,2024-09-01,464.36,0.00,Merchant Fees,,,,,,,,,,,,,,,,,,,,
SB21B,C00578609,500526999,,,ORG,ActBlue Technical Services,,,,,,366 Summer St,,Somerville,MA,021443132,,,2024-09-04,5450.42,0.00,Merchant Fees,,,,,,,,,,,,,,,,,,,,
SB21B,C00578609,500527534,,,ORG,ActBlue Technical Services,,,,,,366 Summer St,,Somerville,MA,021443132,,,2024-09-08,7781.38,0.00,Merchant Fees,,,,,,,,,,,,,,,,,,,,
SB21B,C00578609,500528282,,,ORG,ActBlue Technical Services,,,,,,366 Summer St,,Somerville,MA,021443132,,,2024-09-11,7389.79,0.00,Merchant Fees,,,,,,,,,,,,,,,,,,,,
SB21B,C00578609,500529438,,,ORG,ActBlue Technical Services,,,,,,366 Summer St,,Somerville,MA,021443132,,,2024-09-15,7866.65,0.00,Merchant Fees,,,,,,,,,,,,,,,,,,,,
SB21B,C00578609,500530804,,,ORG,ActBlue Technical Services,,,,,,366 Summer St,,Somerville,MA,021443132,,,2024-09-18,6322.49,0.00,Merchant Fees,,,,,,,,,,,,,,,,,,,,
SB21B,C00578609,500531703,,,ORG,ActBlue Technical Services,,,,,,366 Summer St,,Somerville,MA,021443132,,,2024-09-22,7423.55,0.00,Merchant Fees,,,,,,,,,,,,,,,,,,,,
SB21B,C00578609,500532940,,,ORG,ActBlue Technical Services,,,,,,366 Summer St,,Somerville,MA,021443132,,,2024-09-25,6889.11,0.00,Merchant Fees,,,,,,,,,,,,,,,,,,,,
SB21B,C00578609,500534078,,,ORG,ActBlue Technical Services,,,,,,366 Summer St,,Somerville,MA,021443132,,,2024-09-29,8158.32,0.00,Merchant Fees,,,,,,,,,,,,,,,,,,,,
SB21B,C00578609,500535214,,,ORG,ActBlue Technical Services,,,,,,366 Summer St,,Somerville,MA,021443132,,,2024-09-30,5667.58,0.00,Merchant Fees,,,,,,,,,,,,,,,,,,,,
SB21B,C00578609,500525763,,,ORG,Amalgamated Bank,,,,,,1825 K St NW,Frnt 1,Washington,DC,200061245,,,2024-07-29,223.21,0.00,Bank Fee,,,,,,,,,,,,,,,,,,,,
SB21B,C00578609,500531225,,,ORG,Amalgamated Bank,,,,,,1825 K St NW,Frnt 1,Washington,DC,200061245,,,2024-08-26,195.73,0.00,Bank Fee,,,,,,,,,,,,,,,,,,,,
SB21B,C00578609,500535430,,,ORG,Amalgamated Bank,,,,,,1825 K St NW,Frnt 1,Washington,DC,200061245,,,2024-09-26,185.80,0.00,Bank Fee,,,,,,,,,,,,,,,,,,,,
SB21B,C00578609,500525831,,,ORG,American Express,,,,,,PO Box 1270,,Newark,NJ,071011270,,,2024-07-09,23084.30,0.00,"Credit Card Payment, Below if Itemized",,,,,,,,,,,,,,,,,,,,
SB21B,C00578609,500536083,500525831,SB21B,ORG,American Express,,,,,,PO Box 1270,,Newark,NJ,071011270,,,2024-07-09,39.00,0.00,Bank Fee,,,,,,,,,,,,,,,,,,,X,*
SB21B,C00578609,500536087,500525831,SB21B,ORG,Courtyard By Marriott,,,,,,934 16Th St,,Denver,CO,802022902,,,2024-07-09,274.33,0.00,Travel,,,,,,,,,,,,,,,,,,,X,*
SB21B,C00578609,500536095,500525831,SB21B,ORG,Enterprise Rent-A-Car,,,,,,1753 W 5Th Ave,,Columbus,OH,432122320,,,2024-07-09,140.24,0.00,Travel,,,,,,,,,,,,,,,,,,,X,*
SB21B,C00578609,500536104,500525831,SB21B,ORG,Kroger,,,,,,1955 Henderson Rd,,Columbus,OH,432202401,,,2024-07-09,121.66,0.00,Catering,,,,,,,,,,,,,,,,,,,X,*
SB21B,C00578609,500536105,500525831,SB21B,ORG,Kroger,,,,,,1955 Henderson Rd,,Columbus,OH,432202401,,,2024-07-09,20.81,0.00,Catering,,,,,,,,,,,,,,,,,,,X,*
SB21B,C00578609,500536106,500525831,SB21B,ORG,Kroger,,,,,,1955 Henderson Rd,,Columbus,OH,432202401,,,2024-07-09,12.11,0.00,Meals,,,,,,,,,,,,,,,,,,,X,*
SB21B,C00578609,500536110,500525831,SB21B,ORG,Ladyfingers Catering,,,,,,12901 Old Henry Rd,# 4733,Louisville,KY,402234733,,,2024-07-09,1109.46,0.00,Catering,,,,,,,,,,,,,,,,,,,X,*
SB21B,C00578609,500536111,500525831,SB21B,ORG,Lavash Cafe,,,,,,2985 N High St,,Columbus,OH,432021103,,,2024-07-09,504.00,0.00,Catering,,,,,,,,,,,,,,,,,,,X,*
SB21B,C00578609,500536117,500525831,SB21B,ORG,Limelight Hotel,,,,,,355 S Monarch St,,Aspen,CO,816111846,,,2024-07-09,1.00,0.00,Travel,,,,,,,,,,,,,,,,,,,X,*
SB21B,C00578609,500536122,500525831,SB21B,ORG,Market Garden Brewery,,,,,,1947 W 25Th St,,Cleveland,OH,441133418,,,2024-07-09,486.00,0.00,Catering,,,,,,,,,,,,,,,,,,,X,*
SB21B,C00578609,500536123,500525831,SB21B,ORG,Market Garden Brewery,,,,,,1947 W 25Th St,,Cleveland,OH,441133418,,,2024-07-09,444.53,0.00,Catering,,,,,,,,,,,,,,,,,,,X,*
SB21B,C00578609,500536134,500525831,SB21B,ORG,ProFlowers.Com,,,,,,4840 Eastgate Mall,,San Diego,CA,921211977,,,2024-07-09,117.64,0.00,Gifts for Supporters,,,,,,,,,,,,,,,,,,,X,*
SB21B,C00578609,500536135,500525831,SB21B,ORG,ProFlowers.Com,,,,,,4840 Eastgate Mall,,San Diego,CA,921211977,,,2024-07-09,77.24,0.00,Gifts for Supporters,,,,,,,,,,,,,,,,,,,X,*
SB21B,C00578609,500536136,500525831,SB21B,ORG,ProFlowers.Com,,,,,,4840 Eastgate Mall,,San Diego,CA,921211977,,,2024-07-09,92.17,0.00,Gifts for Supporters,,,,,,,,,,,,,,,,,,,X,*
SB21B,C00578609,500536132,500525831,SB21B,ORG,Punch Bowl Social,,,,,,1086 W 11Th Pl,,Cleveland,OH,441135820,,,2024-07-09,2030.00,0.00,Catering,,,,,,,,,,,,,,,,,,,X,*
SB21B,C00578609,500536154,500525831,SB21B,ORG,The Junto,,,,,,77 BELLE St,,Columbus,OH,43215,,,2024-07-09,882.08,0.00,Travel,,,,,,,,,,,,,,,,,,,X,*
SB21B,C00578609,500536155,500525831,SB21B,ORG,The Junto,,,,,,77 BELLE St,,Columbus,OH,43215,,,2024-07-09,8988.55,0.00,Catering,,,,,,,,,,,,,,,,,,,X,*
SB21B,C00578609,500536161,500525831,SB21B,ORG,United Airlines,,,,,,PO Box 66100,,Chicago,IL,606660097,,,2024-07-09,523.70,0.00,Travel,,,,,,,,,,,,,,,,,,,X,*
SB21B,C00578609,500536162,500525831,SB21B,ORG,United Airlines,,,,,,PO Box 66100,,Chicago,IL,606660097,,,2024-07-09,8.00,0.00,Travel,,,,,,,,,,,,,,,,,,,X,*
SB21B,C00578609,500536164,500525831,SB21B,ORG,Westin Hotel,,,,,,21 E 5Th St,,Cincinnati,OH,452023114,,,2024-07-09,12.98,0.00,Meals,,,,,,,,,,,,,,,,,,,X,*
SB21B,C00578609,500536165,500525831,SB21B,ORG,Westin Hotel,,,,,,21 E 5Th St,,Cincinnati,OH,452023114,,,2024-07-09,256.50,0.00,Travel,,,,,,,,,,,,,,,,,,,X,*
SB21B,C00578609,500536166,500525831,SB21B,ORG,Westin Hotel,,,,,,21 E 5Th St,,Cincinnati,OH,452023114,,,2024-07-09,324.50,0.00,Travel,,,,,,,,,,,,,,,,,,,X,*
SB21B,C00578609,500536167,500525831,SB21B,ORG,Westin Hotel,,,,,,21 E 5Th St,,Cincinnati,OH,452023114,,,2024-07-09,518.59,0.00,Travel,,,,,,,,,,,,,,,,,,,X,*
SB21B,C00578609,500536168,500525831,SB21B,ORG,Westin Hotel,,,,,,310 S High St,,Columbus,OH,432154508,,,2024-07-09,233.83,0.00,Travel,,,,,,,,,,,,,,,,,,,X,*
SB21B,C00578609,500525774,,,ORG,American Express,,,,,,PO Box 1270,,Newark,NJ,071011270,,,2024-07-17,914.96,0.00,"Credit Card Payment, Below if Itemized",,,,,,,,,,,,,,,,,,,,
SB21B,C00578609,500536089,500525774,SB21B,ORG,Delta Airlines,,,,,,PO Box 20706,,Atlanta,GA,303206001,,,2024-07-17,435.48,0.00,Travel,,,,,,,,,,,,,,,,,,,X,*
SB21B,C00578609,500536163,500525774,SB21B,ORG,United Airlines,,,,,,PO Box 66100,,Chicago,IL,606660097,,,2024-07-17,479.48,0.00,Travel,,,,,,,,,,,,,,,,,,,X,*
SB21B,C00578609,500525775,,,ORG,American Express,,,,,,PO Box 1270,,Newark,NJ,071011270,,,2024-08-05,18467.75,0.00,"Credit Card Payment, Below if Itemized",,,,,,,,,,,,,,,,,,,,
SB21B,C00578609,500536141,500525775,SB21B,ORG,1820 Candle Co,,,,,,135 N Market St,,East Palestine,OH,444132018,,,2024-08-05,48.20,0.00,Gifts for Supporters,,,,,,,,,,,,,,,,,,,X,*
SB21B,C00578609,500536142,500525775,SB21B,ORG,1820 Candle Co,,,,,,135 N Market St,,East Palestine,OH,444132018,,,2024-08-05,48.20,0.00,Gifts for Supporters,,,,,,,,,,,,,,,,,,,X,*
SB21B,C00578609,500536143,500525775,SB21B,ORG,1820 Candle Co,,,,,,135 N Market St,,East Palestine,OH,444132018,,,2024-08-05,48.20,0.00,Gifts for Supporters,,,,,,,,,,,,,,,,,,,X,*
SB21B,C00578609,500536144,500525775,SB21B,ORG,1820 Candle Co,,,,,,135 N Market St,,East Palestine,OH,444132018,,,2024-08-05,48.20,0.00,Gifts for Supporters,,,,,,,,,,,,,,,,,,,X,*
SB21B,C00578609,500536145,500525775,SB21B,ORG,1820 Candle Co,,,,,,135 N Market St,,East Palestine,OH,444132018,,,2024-08-05,48.20,0.00,Gifts for Supporters,,,,,,,,,,,,,,,,,,,X,*
SB21B,C00578609,500536080,500525775,SB21B,ORG,Alcove By Madtree,,,,,,3301 Madison Rd,,Cincinnati,OH,452091132,,,2024-08-05,2148.70,0.00,Catering,,,,,,,,,,,,,,,,,,,X,*
SB21B,C00578609,500536081,500525775,SB21B,ORG,Alcove By Madtree,,,,,,3301 Madison Rd,,Cincinnati,OH,452091132,,,2024-08-05,1205.65,0.00,Catering,,,,,,,,,,,,,,,,,,,X,*
SB21B,C00578609,500536094,500525775,SB21B,ORG,Encore Group USA LLC,,,,,,1919 Connecticut Ave NW,,Washington,DC,200095701,,,2024-08-05,2221.12,0.00,Catering,,,,,,,,,,,,,,,,,,,X,*
SB21B,C00578609,500536098,500525775,SB21B,ORG,Gordon's Gourmet,,,,,,145 N Hamilton Rd,,Columbus,OH,432131308,,,2024-08-05,2437.25,0.00,Catering,,,,,,,,,,,,,,,,,,,X,*
SB21B,C00578609,500536100,500525775,SB21B,ORG,Grumpy's,,,,,,34 S Huron St,,Toledo,OH,436048706,,,2024-08-05,2133.00,0.00,catering,,,,,,,,,,,,,,,,,,,X,*
SB21B,C00578609,500536107,500525775,SB21B,ORG,Kroger,,,,,,1955 Henderson Rd,,Columbus,OH,432202401,,,2024-08-05,67.85,0.00,Catering,,,,,,,,,,,,,,,,,,,X,*
SB21B,C00578609,500536133,500525775,SB21B,ORG,Punch Bowl Social,,,,,,1086 W 11Th Pl,,Cleveland,OH,441135820,,,2024-08-05,2042.96,0.00,Catering,,,,,,,,,,,,,,,,,,,X,*
SB21B,C00578609,500536139,500525775,SB21B,ORG,Soul Secrets,,,,,,1434 Vine St,,Cincinnati,OH,452027018,,,2024-08-05,1215.68,0.00,Catering,,,,,,,,,,,,,,,,,,,X,*
SB21B,C00578609,500536140,500525775,SB21B,ORG,Southwest Airlines,,,,,,2702 Love Field Dr,# 4GA,Dallas,TX,752351908,,,2024-08-05,474.99,0.00,Travel,,,,,,,,,,,,,,,,,,,X,*
SB21B,C00578609,500536153,500525775,SB21B,ORG,The Contemporary Dayton,,,,,,25 W 4Th St,,Dayton,OH,454021801,,,2024-08-05,2500.00,0.00,Catering,,,,,,,,,,,,,,,,,,,X,*
SB21B,C00578609,500536156,500525775,SB21B,ORG,The Junto,,,,,,77 BELLE St,,Columbus,OH,43215,,,2024-08-05,20.51,0.00,Travel,,,,,,,,,,,,,,,,,,,X,*
SB21B,C00578609,500536169,500525775,SB21B,ORG,Zhug Restaurant,,,,,,12413 Cedar Rd,,Cleveland Heights,OH,441063155,,,2024-08-05,1759.04,0.00,Catering,,,,,,,,,,,,,,,,,,,X,*
SB21B,C00578609,500535431,,,ORG,American Express,,,,,,PO Box 1270,,Newark,NJ,071011270,,,2024-09-05,15492.30,0.00,"Credit Card Payment, Below if Itemized",,,,,,,,,,,,,,,,,,,,
SB21B,C00578609,500536146,500535431,SB21B,ORG,1820 Candle Co,,,,,,135 N Market St,,East Palestine,OH,444132018,,,2024-09-05,44.95,0.00,Gifts for Supporters,,,,,,,,,,,,,,,,,,,X,*
SB21B,C00578609,500536147,500535431,SB21B,ORG,1820 Candle Co,,,,,,135 N Market St,,East Palestine,OH,444132018,,,2024-09-05,48.20,0.00,Gifts for Supporters,,,,,,,,,,,,,,,,,,,X,*
SB21B,C00578609,500536148,500535431,SB21B,ORG,1820 Candle Co,,,,,,135 N Market St,,East Palestine,OH,444132018,,,2024-09-05,48.20,0.00,Gifts for Supporters,,,,,,,,,,,,,,,,,,,X,*
SB21B,C00578609,500536084,500535431,SB21B,ORG,Arrow Wine & Spirits,,,,,,6061 Radio Way,,Mason,OH,450404522,,,2024-09-05,560.81,0.00,Catering,,,,,,,,,,,,,,,,,,,X,*
SB21B,C00578609,500536085,500535431,SB21B,ORG,Awesome Family Entertainment & Party Rentals,,,,,,1250 Memory Ln N,,Columbus,OH,432092749,,,2024-09-05,919.20,0.00,Supplies,,,,,,,,,,,,,,,,,,,X,*
SB21B,C00578609,500536086,500535431,SB21B,ORG,Awesome Family Entertainment & Party Rentals,,,,,,1250 Memory Ln N,,Columbus,OH,432092749,,,2024-09-05,352.00,0.00,Supplies,,,,,,,,,,,,,,,,,,,X,*
SB21B,C00578609,500536088,500535431,SB21B,ORG,Crafted For You Hospitality,,,,,,43 E 19Th St,,New York,NY,100031304,,,2024-09-05,625.00,0.00,Catering,,,,,,,,,,,,,,,,,,,X,*
SB21B,C00578609,500536090,500535431,SB21B,ORG,Delta Airlines,,,,,,PO Box 20706,,Atlanta,GA,303206001,,,2024-09-05,564.95,0.00,Travel,,,,,,,,,,,,,,,,,,,X,*
SB21B,C00578609,500536091,500535431,SB21B,ORG,Delta Airlines,,,,,,PO Box 20706,,Atlanta,GA,303206001,,,2024-09-05,442.48,0.00,Travel,,,,,,,,,,,,,,,,,,,X,*
SB21B,C00578609,500536092,500535431,SB21B,ORG,Delta Airlines,,,,,,PO Box 20706,,Atlanta,GA,303206001,,,2024-09-05,770.96,0.00,Travel,,,,,,,,,,,,,,,,,,,X,*
SB21B,C00578609,500536093,500535431,SB21B,ORG,East Of Chicago,,,,,,1940 Schrock Rd,,Columbus,OH,432291563,,,2024-09-05,269.05,0.00,Catering,,,,,,,,,,,,,,,,,,,X,*
SB21B,C00578609,500536096,500535431,SB21B,ORG,Foundry Social,,,,,,333 Foundry St,,Medina,OH,442561807,,,2024-09-05,888.84,0.00,Catering,,,,,,,,,,,,,,,,,,,X,*
SB21B,C00578609,500536097,500535431,SB21B,ORG,Foundry Social,,,,,,333 Foundry St,,Medina,OH,442561807,,,2024-09-05,2073.96,0.00,Catering,,,,,,,,,,,,,,,,,,,X,*
SB21B,C00578609,500536102,500535431,SB21B,ORG,Homefield,,,,,,1312 Grandview Ave,,Columbus,OH,432123439,,,2024-09-05,6.45,0.00,Catering,,,,,,,,,,,,,,,,,,,X,*
SB21B,C00578609,500536103,500535431,SB21B,ORG,Homefield,,,,,,1312 Grandview Ave,,Columbus,OH,432123439,,,2024-09-05,1480.78,0.00,Catering,,,,,,,,,,,,,,,,,,,X,*
SB21B,C00578609,500536108,500535431,SB21B,ORG,Kroger,,,,,,1955 Henderson Rd,,Columbus,OH,432202401,,,2024-09-05,17.18,0.00,Catering,,,,,,,,,,,,,,,,,,,X,*
SB21B,C00578609,500536109,500535431,SB21B,ORG,Kroger,,,,,,1955 Henderson Rd,,Columbus,OH,432202401,,,2024-09-05,72.57,0.00,Catering,,,,,,,,,,,,,,,,,,,X,*
SB21B,C00578609,500536113,500535431,SB21B,ORG,Legacy Event Group,,,,,,420 Fame Rd,,Dayton,OH,454492315,,,2024-09-05,103.00,0.00,Event Entertainment,,,,,,,,,,,,,,,,,,,X,*
SB21B,C00578609,500536114,500535431,SB21B,ORG,Legacy Event Group,,,,,,420 Fame Rd,,Dayton,OH,454492315,,,2024-09-05,796.35,0.00,Event Entertainment,,,,,,,,,,,,,,,,,,,X,*
SB21B,C00578609,500536118,500535431,SB21B,ORG,Little Miami River Catering,,,,,,2700 E River Rd,Ste A,Moraine,OH,454391536,,,2024-09-05,1500.00,0.00,Catering,,,,,,,,,,,,,,,,,,,X,*
SB21B,C00578609,500536119,500535431,SB21B,ORG,Little Miami River Catering,,,,,,2700 E River Rd,Ste A,Moraine,OH,454391536,,,2024-09-05,3088.00,0.00,Catering,,,,,,,,,,,,,,,,,,,X,*
SB21B,C00578609,500536157,500535431,SB21B,ORG,The Whitley,,,,,,3434 Peachtree Rd NE,,Atlanta,GA,303261172,,,2024-09-05,136.72,0.00,Travel,,,,,,,,,,,,,,,,,,,X,*
SB21B,C00578609,500536158,500535431,SB21B,ORG,The Whitley,,,,,,3434 Peachtree Rd NE,,Atlanta,GA,303261172,,,2024-09-05,232.54,0.00,Travel,,,,,,,,,,,,,,,,,,,X,*
SB21B,C00578609,500536159,500535431,SB21B,ORG,The Whitley,,,,,,3434 Peachtree Rd NE,,Atlanta,GA,303261172,,,2024-09-05,232.54,0.00,Travel,,,,,,,,,,,,,,,,,,,X,*
SB21B,C00578609,500536160,500535431,SB21B,ORG,The Whitley,,,,,,3434 Peachtree Rd NE,,Atlanta,GA,303261172,,,2024-09-05,116.48,0.00,Travel,,,,,,,,,,,,,,,,,,,X,*
SB21B,C00578609,500525812,,,IND,,Bermeo,Abigail,,,,3867 Medina Rd,Ste 289,Akron,OH,443334525,,,2024-08-06,370.00,0.00,Mileage,,,,,,,,,,,,,,,,,,,,
SB21B,C00578609,36032539I,36032539,SA11C,PAC,BLUE WAVE PROJECT,,,,,,PO Box 14172,,Portland,OR,972930172,,,2024-09-29,369.02,0.00,Catering,,C00460972,,,,,,,,,,,,,,,,,,* In-Kind Received
SB21B,C00578609,500525832,,,IND,,Brown,Sherrod,,,,3867 Medina Rd,Ste 289,Akron,OH,443334525,,,2024-07-08,209.71,0.00,Mileage,,,,,,,,,,,,,,,,,,,,
SB21B,C00578609,500536170,,,IND,,Brown,Sherrod,,,,3867 Medina Rd,Ste 289,Akron,OH,443334525,,,2024-07-08,-209.71,0.00,Void stale check; reissued 7/8/24,,,,,,,,,,,,,,,,,,,,
SB21B,C00578609,500525771,,,ORG,"Capitol Compliance Associates, Inc.",,,,,,600 Pennsylvania Ave SE,Unit 15180,Washington,DC,200037508,,,2024-07-03,5026.81,0.00,Compliance Services,,,,,,,,,,,,,,,,,,,,
SB21B,C00578609,500525772,,,ORG,"Capitol Compliance Associates, Inc.",,,,,,600 Pennsylvania Ave SE,Unit 15180,Washington,DC,200037508,,,2024-08-06,5033.10,0.00,Compliance Services,,,,,,,,,,,,,,,,,,,,
SB21B,C00578609,500535432,,,ORG,"Capitol Compliance Associates, Inc.",,,,,,600 Pennsylvania Ave SE,Unit 15180,Washington,DC,200037508,,,2024-09-03,5050.28,0.00,Compliance Services,,,,,,,,,,,,,,,,,,,,
SB21B,C00578609,500535461,,,IND,,Cho,Hyun,,,,3867 Medina Rd,Ste 289,Akron,OH,443334525,,,2024-09-04,540.54,0.00,Mileage,,,,,,,,,,,,,,,,,,,,
SB21B,C00578609,36032536I,36032536,SA11C,CCM,CHRIS COONS FOR DELAWARE,,,,,,PO Box 9900,,Newark,DE,197145000,,,2024-09-14,1468.42,0.00,Travel,,C00475392,,,,,,,,S,DE,00,,,,,,,,* In-Kind Received
SB21B,C00578609,500525791,,,ORG,Concentric Advisors,,,,,,PO Box 86,,Kirkland,WA,980830086,,,2024-08-07,18290.21,0.00,Security Services,,,,,,,,,,,,,,,,,,,,
SB21B,C00578609,500531227,,,ORG,Curtze Food Service,,,,,,1717 E 12Th St,,Erie,PA,165111723,,,2024-08-13,2183.40,0.00,Catering,,,,,,,,,,,,,,,,,,,,
SB21B,C00578609,500533106,,,ORG,Democracy Engine LLC,,,,,,2125 14Th St NW,,Washington,DC,200094464,,,2024-09-25,32.06,0.00,Merchant Fees,,,,,,,,,,,,,,,,,,,,
SB21B,C00578609,500525809,,,IND,,Doss,Alec,,,,3867 Medina Rd,Ste 289,Akron,OH,443334525,,,2024-07-10,309.54,0.00,Mileage,,,,,,,,,,,,,,,,,,,,
SB21B,C00578609,500525820,,,IND,,Doss,Alec,,,,3867 Medina Rd,Ste 289,Akron,OH,443334525,,,2024-07-10,716.07,0.00,"Reimbursement, See Below if Itemized",,,,,,,,,,,,,,,,,,,,
SB21B,C00578609,500536010,500525820,SB21B,ORG,Lyft,,,,,,2300 Harrison St,,San Francisco,CA,941102013,,,2024-07-10,32.45,0.00,Travel,,,,,,,,,,,,,,,,,,,X,*
SB21B,C00578609,500536011,500525820,SB21B,ORG,Lyft,,,,,,2300 Harrison St,,San Francisco,CA,941102013,,,2024-07-10,39.53,0.00,Travel,,,,,,,,,,,,,,,,,,,X,*
SB21B,C00578609,500536009,500525820,SB21B,ORG,Sixt Rent A Car LLC,,,,,,PO Box 8188,,Ft Lauderdale,FL,333108188,,,2024-07-10,503.60,0.00,Travel,,,,,,,,,,,,,,,,,,,X,*
SB21B,C00578609,500535470,,,IND,,Doss,Alec,,,,3867 Medina Rd,Ste 289,Akron,OH,443334525,,,2024-09-18,873.67,0.00,"Reimbursement, See Below if Itemized",,,,,,,,,,,,,,,,,,,,
SB21B,C00578609,500536014,500535470,SB21B,ORG,Lyft,,,,,,2300 Harrison St,,San Francisco,CA,941102013,,,2024-09-18,28.71,0.00,Travel,,,,,,,,,,,,,,,,,,,X,*
SB21B,C00578609,500536015,500535470,SB21B,ORG,Lyft,,,,,,2300 Harrison St,,San Francisco,CA,941102013,,,2024-09-18,30.70,0.00,Travel,,,,,,,,,,,,,,,,,,,X,*
SB21B,C00578609,500536016,500535470,SB21B,ORG,Lyft,,,,,,2300 Harrison St,,San Francisco,CA,941102013,,,2024-09-18,20.87,0.00,Travel,,,,,,,,,,,,,,,,,,,X,*
SB21B,C00578609,500536017,500535470,SB21B,ORG,Lyft,,,,,,2300 Harrison St,,San Francisco,CA,941102013,,,2024-09-18,30.19,0.00,Travel,,,,,,,,,,,,,,,,,,,X,*
SB21B,C00578609,500536018,500535470,SB21B,ORG,Lyft,,,,,,2300 Harrison St,,San Francisco,CA,941102013,,,2024-09-18,27.41,0.00,Travel,,,,,,,,,,,,,,,,,,,X,*
SB21B,C00578609,500525789,,,ORG,Edward Davis LLC,,,,,,2Nd Atlantic Ave,,Boston,MA,02110,,,2024-08-06,2789.98,0.00,Security Services,,,,,,,,,,,,,,,,,,,,
SB21B,C00578609,500535433,,,ORG,Edward Davis LLC,,,,,,2Nd Atlantic Ave,,Boston,MA,02110,,,2024-09-06,7002.64,0.00,Security Services,,,,,,,,,,,,,,,,,,,,
SB21B,C00578609,500535456,,,ORG,Foxtail Catering,,,,,,2565 3Rd St,,San Francisco,CA,941073140,,,2024-09-10,5000.00,0.00,Catering,,,,,,,,,,,,,,,,,,,,
SB21B,C00578609,500525783,,,CCM,Friends Of Sherrod Brown,,,,,,600 Pennsylvania Ave SE,Unit 15180,Washington,DC,200037508,,,2024-07-08,30101.87,0.00,Payroll Allocation,,C00264697,,,Brown,Sherrod,,,,S,OH,00,,,,,,,,
SB21B,C00578609,500525784,,,CCM,Friends Of Sherrod Brown,,,,,,600 Pennsylvania Ave SE,Unit 15180,Washington,DC,200037508,,,2024-07-24,26049.42,0.00,Payroll Allocation,,C00264697,,,Brown,Sherrod,,,,S,OH,00,,,,,,,,
SB21B,C00578609,500525785,,,CCM,Friends Of Sherrod Brown,,,,,,600 Pennsylvania Ave SE,Unit 15180,Washington,DC,200037508,,,2024-08-05,28972.79,0.00,Payroll Allocation,,C00264697,,,Brown,Sherrod,,,,S,OH,00,,,,,,,,
SB21B,C00578609,500525786,,,CCM,Friends Of Sherrod Brown,,,,,,600 Pennsylvania Ave SE,Unit 15180,Washington,DC,200037508,,,2024-08-20,21877.32,0.00,Payroll Allocation,,C00264697,,,Brown,Sherrod,,,,S,OH,00,,,,,,,,
SB21B,C00578609,500535434,,,CCM,Friends Of Sherrod Brown,,,,,,600 Pennsylvania Ave SE,Unit 15180,Washington,DC,200037508,,,2024-09-04,20490.09,0.00,Payroll Allocation,,C00264697,,,Brown,Sherrod,,,,S,OH,00,,,,,,,,
SB21B,C00578609,500535435,,,CCM,Friends Of Sherrod Brown,,,,,,600 Pennsylvania Ave SE,Unit 15180,Washington,DC,200037508,,,2024-09-18,25044.28,0.00,Payroll Allocation,,C00264697,,,Brown,Sherrod,,,,S,OH,00,,,,,,,,
SB21B,C00578609,500535457,,,ORG,GPS Operations Inc,,,,,,1502 Cassil Pl,Ste II,Los Angeles,CA,900287106,,,2024-09-18,11460.00,0.00,Security Services,,,,,,,,,,,,,,,,,,,,
SB21B,C00578609,500525798,,,ORG,Great Lakes Valet LLC,,,,,,8580 Crow Dr,,Macedonia,OH,440561964,,,2024-07-03,1275.00,0.00,Valet Services,,,,,,,,,,,,,,,,,,,,
SB21B,C00578609,500525799,,,ORG,Great Lakes Valet LLC,,,,,,8580 Crow Dr,,Macedonia,OH,440561964,,,2024-07-10,675.00,0.00,Valet Services,,,,,,,,,,,,,,,,,,,,
SB21B,C00578609,500525800,,,ORG,Great Lakes Valet LLC,,,,,,8580 Crow Dr,,Macedonia,OH,440561964,,,2024-08-06,1275.00,0.00,Valet Services,,,,,,,,,,,,,,,,,,,,
SB21B,C00578609,500535436,,,ORG,Great Lakes Valet LLC,,,,,,8580 Crow Dr,,Macedonia,OH,440561964,,,2024-09-04,600.00,0.00,Valet Services,,,,,,,,,,,,,,,,,,,,
SB21B,C00578609,500535465,,,IND,,Griggs,Hayley,,,,3867 Medina Rd,Ste 289,Akron,OH,443334525,,,2024-09-10,211.86,0.00,mileage,,,,,,,,,,,,,,,,,,,,
SB21B,C00578609,500535458,,,ORG,Hadeem,,,,,,322 Guerrero St,,San Francisco,CA,941033301,,,2024-09-10,5712.73,0.00,Catering,,,,,,,,,,,,,,,,,,,,
SB21B,C00578609,500525816,,,IND,,Hedden,Herbert,A.,,,2491 Lane Rd,,Columbus,OH,432202831,,,2024-07-02,476.90,0.00,Catering,,,,,,,,,,,,,,,,,,,,
SB21B,C00578609,500531228,,,ORG,HRI Supply & Design,,,,,,2630 Cherry St,,Erie,PA,165081737,,,2024-08-13,576.45,0.00,Catering Supplies,,,,,,,,,,,,,,,,,,,,
SB21B,C00578609,500525777,,,ORG,JBW Consulting LLC,,,,,,11 Cypress Dr,,Woodbury,NY,117971501,,,2024-07-03,4000.00,0.00,Fundraising Consulting Services,,,,,,,,,,,,,,,,,,,,
SB21B,C00578609,500525780,,,ORG,JBW Consulting LLC,,,,,,11 Cypress Dr,,Woodbury,NY,117971501,,,2024-08-07,4000.00,0.00,Fundraising Consulting Services,,,,,,,,,,,,,,,,,,,,
SB21B,C00578609,500525814,,,IND,,Johnson,Leah,,,,3867 Medina Rd,Ste 289,Akron,OH,443334525,,,2024-08-30,135.91,0.00,Mileage,,,,,,,,,,,,,,,,,,,,
SB21B,C00578609,500535469,,,IND,,Johnson,Leah,,,,3867 Medina Rd,Ste 289,Akron,OH,443334525,,,2024-09-18,268.00,0.00,mileage,,,,,,,,,,,,,,,,,,,,
SB21B,C00578609,500519173,,,PAC,JSTREETPAC,,,,,,PO Box 33106,,Washington,DC,200330106,,,2024-07-18,175.00,0.00,Merchant Fees,,C00441949,,,,,,,,,,,,,,,,,,
SB21B,C00578609,500519458,,,PAC,JSTREETPAC,,,,,,PO Box 33106,,Washington,DC,200330106,,,2024-07-23,5.00,0.00,Merchant Fees,,C00441949,,,,,,,,,,,,,,,,,,
SB21B,C00578609,500519687,,,PAC,JSTREETPAC,,,,,,PO Box 33106,,Washington,DC,200330106,,,2024-07-25,110.30,0.00,Merchant Fees,,C00441949,,,,,,,,,,,,,,,,,,
SB21B,C00578609,500527209,,,PAC,JSTREETPAC,,,,,,PO Box 33106,,Washington,DC,200330106,,,2024-09-05,9.10,0.00,Merchant Fees,,C00441949,,,,,,,,,,,,,,,,,,
SB21B,C00578609,500528564,,,PAC,JSTREETPAC,,,,,,PO Box 33106,,Washington,DC,200330106,,,2024-09-10,3.50,0.00,Merchant Fees,,C00441949,,,,,,,,,,,,,,,,,,
SB21B,C00578609,500535437,,,ORG,Julie Andrews Associates LLC,,,,,,294 Wayland Ave,,Providence,RI,029064529,,,2024-09-18,2500.00,0.00,Fundraising Consulting Services,,,,,,,,,,,,,,,,,,,,
SB21B,C00578609,500525819,,,IND,,Kauffman,Kimberly,A.,,,323 7Th St SE,,Washington,DC,200034307,,,2024-07-03,1179.00,0.00,"Reimbursement, See Below if Itemized",,,,,,,,,,,,,,,,,,,,
SB21B,C00578609,500536031,500525819,SB21B,ORG,Dhillon Car Service,,,,,,25908 81St Ave,,Glen Oaks,NY,110041430,,,2024-07-03,1179.00,0.00,Travel,,,,,,,,,,,,,,,,,,,X,*
SB21B,C00578609,500525821,,,IND,,Kauffman,Kimberly,A.,,,323 7Th St SE,,Washington,DC,200034307,,,2024-07-10,139.99,0.00,"Reimbursement, See Below if Itemized",,,,,,,,,,,,,,,,,,,,
SB21B,C00578609,500525822,,,IND,,Kauffman,Kimberly,A.,,,323 7Th St SE,,Washington,DC,200034307,,,2024-07-17,3429.36,0.00,"Reimbursement, See Below if Itemized",,,,,,,,,,,,,,,,,,,,
SB21B,C00578609,500536024,500525822,SB21B,ORG,Amtrak,,,,,,60 Massachusetts Ave NE,,Washington,DC,200024285,,,2024-07-17,1016.00,0.00,Travel,,,,,,,,,,,,,,,,,,,X,*
SB21B,C00578609,500536021,500525822,SB21B,ORG,United Airlines,,,,,,PO Box 66100,,Chicago,IL,606660097,,,2024-07-17,602.47,0.00,Travel,,,,,,,,,,,,,,,,,,,X,*
SB21B,C00578609,500536022,500525822,SB21B,ORG,United Airlines,,,,,,PO Box 66100,,Chicago,IL,606660097,,,2024-07-17,315.48,0.00,Travel,,,,,,,,,,,,,,,,,,,X,*
SB21B,C00578609,500536023,500525822,SB21B,ORG,United Airlines,,,,,,PO Box 66100,,Chicago,IL,606660097,,,2024-07-17,285.47,0.00,Travel,,,,,,,,,,,,,,,,,,,X,*
SB21B,C00578609,500536025,500525822,SB21B,ORG,United Airlines,,,,,,PO Box 66100,,Chicago,IL,606660097,,,2024-07-17,376.47,0.00,Travel,,,,,,,,,,,,,,,,,,,X,*
SB21B,C00578609,500536026,500525822,SB21B,ORG,United Airlines,,,,,,PO Box 66100,,Chicago,IL,606660097,,,2024-07-17,285.47,0.00,Travel,,,,,,,,,,,,,,,,,,,X,*
SB21B,C00578609,500536027,500525822,SB21B,ORG,United Airlines,,,,,,PO Box 66100,,Chicago,IL,606660097,,,2024-07-17,339.00,0.00,Travel,,,,,,,,,,,,,,,,,,,X,*
SB21B,C00578609,500536028,500525822,SB21B,ORG,United Airlines,,,,,,PO Box 66100,,Chicago,IL,606660097,,,2024-07-17,209.00,0.00,Travel,,,,,,,,,,,,,,,,,,,X,*
SB21B,C00578609,500525823,,,IND,,Kauffman,Kimberly,A.,,,323 7Th St SE,,Washington,DC,200034307,,,2024-07-25,201.00,0.00,"Reimbursement, See Below if Itemized",,,,,,,,,,,,,,,,,,,,
SB21B,C00578609,500536029,500525823,SB21B,ORG,Amtrak,,,,,,60 Massachusetts Ave NE,,Washington,DC,200024285,,,2024-07-25,193.00,0.00,Travel,,,,,,,,,,,,,,,,,,,X,*
SB21B,C00578609,500536030,500525823,SB21B,ORG,United Airlines,,,,,,PO Box 66100,,Chicago,IL,606660097,,,2024-07-25,8.00,0.00,Travel,,,,,,,,,,,,,,,,,,,X,*
SB21B,C00578609,500525825,,,IND,,Kauffman,Kimberly,A.,,,323 7Th St SE,,Washington,DC,200034307,,,2024-08-06,4442.58,0.00,"Reimbursement, See Below if Itemized",,,,,,,,,,,,,,,,,,,,
SB21B,C00578609,500536039,500525825,SB21B,ORG,American Airlines,,,,,,540 Park Ave,,New York,NY,100657366,,,2024-08-06,620.27,0.00,Travel,,,,,,,,,,,,,,,,,,,X,*
SB21B,C00578609,500536040,500525825,SB21B,ORG,American Airlines,,,,,,540 Park Ave,,New York,NY,100657366,,,2024-08-06,620.27,0.00,Travel,,,,,,,,,,,,,,,,,,,X,*
SB21B,C00578609,500536034,500525825,SB21B,ORG,The Peninsula Chicago,,,,,,108 E Superior St,,Chicago,IL,606112508,,,2024-08-06,929.09,0.00,Travel,,,,,,,,,,,,,,,,,,,X,*
SB21B,C00578609,500536035,500525825,SB21B,ORG,The Peninsula Chicago,,,,,,108 E Superior St,,Chicago,IL,606112508,,,2024-08-06,2168.55,0.00,Travel,,,,,,,,,,,,,,,,,,,X,*
SB21B,C00578609,500536036,500525825,SB21B,ORG,Uber,,,,,,182 Howard St,Ste 8,San Francisco,CA,941051611,,,2024-08-06,27.64,0.00,Travel,,,,,,,,,,,,,,,,,,,X,*
SB21B,C00578609,500536037,500525825,SB21B,ORG,Uber,,,,,,182 Howard St,Ste 8,San Francisco,CA,941051611,,,2024-08-06,35.60,0.00,Travel,,,,,,,,,,,,,,,,,,,X,*
SB21B,C00578609,500536038,500525825,SB21B,ORG,Uber,,,,,,182 Howard St,Ste 8,San Francisco,CA,941051611,,,2024-08-06,41.16,0.00,Travel,,,,,,,,,,,,,,,,,,,X,*
SB21B,C00578609,500525826,,,IND,,Kauffman,Kimberly,A.,,,323 7Th St SE,,Washington,DC,200034307,,,2024-08-08,8535.60,0.00,"Reimbursement, See Below if Itemized",,,,,,,,,,,,,,,,,,,,
SB21B,C00578609,500536041,500525826,SB21B,ORG,Delta Airlines,,,,,,PO Box 20706,,Atlanta,GA,303206001,,,2024-08-08,626.95,0.00,Travel,,,,,,,,,,,,,,,,,,,X,*
SB21B,C00578609,500536043,500525826,SB21B,ORG,Delta Airlines,,,,,,PO Box 20706,,Atlanta,GA,303206001,,,2024-08-08,626.95,0.00,Travel,,,,,,,,,,,,,,,,,,,X,*
SB21B,C00578609,500536042,500525826,SB21B,ORG,Dhillon Car Service,,,,,,25908 81St Ave,,Glen Oaks,NY,110041430,,,2024-08-08,1539.00,0.00,Travel,,,,,,,,,,,,,,,,,,,X,*
SB21B,C00578609,500536044,500525826,SB21B,ORG,United Airlines,,,,,,PO Box 66100,,Chicago,IL,606660097,,,2024-08-08,4973.66,0.00,Travel,,,,,,,,,,,,,,,,,,,X,*
SB21B,C00578609,500536045,500525826,SB21B,ORG,United Airlines,,,,,,PO Box 66100,,Chicago,IL,606660097,,,2024-08-08,769.04,0.00,Travel,,,,,,,,,,,,,,,,,,,X,*
SB21B,C00578609,500525828,,,IND,,Kauffman,Kimberly,A.,,,323 7Th St SE,,Washington,DC,200034307,,,2024-08-21,2231.96,0.00,"Reimbursement, See Below if Itemized",,,,,,,,,,,,,,,,,,,,
SB21B,C00578609,500536032,500525828,SB21B,ORG,American Airlines,,,,,,540 Park Ave,,New York,NY,100657366,,,2024-08-21,1307.96,0.00,Travel,,,,,,,,,,,,,,,,,,,X,*
SB21B,C00578609,500536033,500525828,SB21B,ORG,Amtrak,,,,,,60 Massachusetts Ave NE,,Washington,DC,200024285,,,2024-08-21,924.00,0.00,Travel,,,,,,,,,,,,,,,,,,,X,*
SB21B,C00578609,500535462,,,IND,,Kauffman,Kimberly,A.,,,323 7Th St SE,,Washington,DC,200034307,,,2024-09-04,4468.85,0.00,"Reimbursement, See Below if Itemized",,,,,,,,,,,,,,,,,,,,
SB21B,C00578609,500536055,500535462,SB21B,ORG,American Airlines,,,,,,540 Park Ave,,New York,NY,100657366,,,2024-09-04,303.48,0.00,Travel,,,,,,,,,,,,,,,,,,,X,*
SB21B,C00578609,500536056,500535462,SB21B,ORG,American Airlines,,,,,,540 Park Ave,,New York,NY,100657366,,,2024-09-04,856.96,0.00,Travel,,,,,,,,,,,,,,,,,,,X,*
SB21B,C00578609,500536054,500535462,SB21B,ORG,Command Performance Group,,,,,,5273 N Commerce Ave,Ste 6,Moorpark,CA,930217104,,,2024-09-04,3308.41,0.00,Catering,,,,,,,,,,,,,,,,,,,X,*
SB21B,C00578609,500535467,,,IND,,Kauffman,Kimberly,A.,,,323 7Th St SE,,Washington,DC,200034307,,,2024-09-18,11309.94,0.00,"Reimbursement, See Below if Itemized",,,,,,,,,,,,,,,,,,,,
SB21B,C00578609,500536048,500535467,SB21B,ORG,American Airlines,,,,,,540 Park Ave,,New York,NY,100657366,,,2024-09-18,429.48,0.00,Travel,,,,,,,,,,,,,,,,,,,X,*
SB21B,C00578609,500536046,500535467,SB21B,ORG,Amtrak,,,,,,60 Massachusetts Ave NE,,Washington,DC,200024285,,,2024-09-18,717.00,0.00,Travel,,,,,,,,,,,,,,,,,,,X,*
SB21B,C00578609,500536049,500535467,SB21B,ORG,Amtrak,,,,,,60 Massachusetts Ave NE,,Washington,DC,200024285,,,2024-09-18,130.00,0.00,Travel,,,,,,,,,,,,,,,,,,,X,*
SB21B,C00578609,500536050,500535467,SB21B,ORG,Command Performance Group,,,,,,5273 N Commerce Ave,Ste 6,Moorpark,CA,930217104,,,2024-09-18,3308.41,0.00,Catering,,,,,,,,,,,,,,,,,,,X,*
SB21B,C00578609,500536051,500535467,SB21B,ORG,Command Performance Group,,,,,,5273 N Commerce Ave,Ste 6,Moorpark,CA,930217104,,,2024-09-18,407.02,0.00,Catering,,,,,,,,,,,,,,,,,,,X,*
SB21B,C00578609,500536047,500535467,SB21B,ORG,JetBlue,,,,,,2701 Queens Plz N,,Long Island City,NY,111014020,,,2024-09-18,324.71,0.00,Travel,,,,,,,,,,,,,,,,,,,X,*
SB21B,C00578609,500536052,500535467,SB21B,ORG,Schaffer,,,,,,5269 W Pico Blvd,,Los Angeles,CA,900194043,,,2024-09-18,5431.21,0.00,Catering,,,,,,,,,,,,,,,,,,,X,*
SB21B,C00578609,500536053,500535467,SB21B,ORG,United Airlines,,,,,,PO Box 66100,,Chicago,IL,606660097,,,2024-09-18,562.00,0.00,Travel,,,,,,,,,,,,,,,,,,,X,*
SB21B,C00578609,500535468,,,IND,,Kauffman,Kimberly,A.,,,323 7Th St SE,,Washington,DC,200034307,,,2024-09-18,31.58,0.00,"Reimbursement, See Below if Itemized",,,,,,,,,,,,,,,,,,,,
SB21B,C00578609,500536020,500535468,SB21B,ORG,Uber,,,,,,182 Howard St,Ste 8,San Francisco,CA,941051611,,,2024-09-18,31.58,0.00,Travel,,,,,,,,,,,,,,,,,,,X,*
SB21B,C00578609,500525818,,,IND,,Kramer,Josh,,,,323 7Th St SE,,Washington,DC,200034307,,,2024-07-03,776.04,0.00,"Reimbursement, See Below if Itemized",,,,,,,,,,,,,,,,,,,,
SB21B,C00578609,500536057,500525818,SB21B,ORG,Uber,,,,,,182 Howard St,Ste 8,San Francisco,CA,941051611,,,2024-07-03,56.56,0.00,Travel,,,,,,,,,,,,,,,,,,,X,*
SB21B,C00578609,500536058,500525818,SB21B,ORG,Uber,,,,,,182 Howard St,Ste 8,San Francisco,CA,941051611,,,2024-07-03,245.80,0.00,Travel,,,,,,,,,,,,,,,,,,,X,*
SB21B,C00578609,500536059,500525818,SB21B,ORG,Uber,,,,,,182 Howard St,Ste 8,San Francisco,CA,941051611,,,2024-07-03,86.73,0.00,Travel,,,,,,,,,,,,,,,,,,,X,*
SB21B,C00578609,500536060,500525818,SB21B,ORG,United Airlines,,,,,,PO Box 66100,,Chicago,IL,606660097,,,2024-07-03,8.00,0.00,Travel,,,,,,,,,,,,,,,,,,,X,*
SB21B,C00578609,500525824,,,IND,,Kramer,Josh,,,,323 7Th St SE,,Washington,DC,200034307,,,2024-08-06,1429.43,0.00,"Reimbursement, See Below if Itemized",,,,,,,,,,,,,,,,,,,,
SB21B,C00578609,500536067,500525824,SB21B,ORG,Uber,,,,,,182 Howard St,Ste 8,San Francisco,CA,941051611,,,2024-08-06,67.99,0.00,Travel,,,,,,,,,,,,,,,,,,,X,*
SB21B,C00578609,500536068,500525824,SB21B,ORG,Uber,,,,,,182 Howard St,Ste 8,San Francisco,CA,941051611,,,2024-08-06,36.22,0.00,Travel,,,,,,,,,,,,,,,,,,,X,*
SB21B,C00578609,500536069,500525824,SB21B,ORG,Uber,,,,,,182 Howard St,Ste 8,San Francisco,CA,941051611,,,2024-08-06,26.89,0.00,Travel,,,,,,,,,,,,,,,,,,,X,*
SB21B,C00578609,500536070,500525824,SB21B,ORG,Uber,,,,,,182 Howard St,Ste 8,San Francisco,CA,941051611,,,2024-08-06,39.97,0.00,Travel,,,,,,,,,,,,,,,,,,,X,*
SB21B,C00578609,500536071,500525824,SB21B,ORG,United Airlines,,,,,,PO Box 66100,,Chicago,IL,606660097,,,2024-08-06,332.98,0.00,Travel,,,,,,,,,,,,,,,,,,,X,*
SB21B,C00578609,500536072,500525824,SB21B,ORG,United Airlines,,,,,,PO Box 66100,,Chicago,IL,606660097,,,2024-08-06,159.60,0.00,Travel,,,,,,,,,,,,,,,,,,,X,*
SB21B,C00578609,500536073,500525824,SB21B,ORG,United Airlines,,,,,,PO Box 66100,,Chicago,IL,606660097,,,2024-08-06,667.20,0.00,Travel,,,,,,,,,,,,,,,,,,,X,*
SB21B,C00578609,500525827,,,IND,,Kramer,Josh,,,,323 7Th St SE,,Washington,DC,200034307,,,2024-08-21,226.89,0.00,"Reimbursement, See Below if Itemized",,,,,,,,,,,,,,,,,,,,
SB21B,C00578609,500536062,500525827,SB21B,ORG,Uber,,,,,,182 Howard St,Ste 8,San Francisco,CA,941051611,,,2024-08-21,41.50,0.00,Travel,,,,,,,,,,,,,,,,,,,X,*
SB21B,C00578609,500536063,500525827,SB21B,ORG,Uber,,,,,,182 Howard St,Ste 8,San Francisco,CA,941051611,,,2024-08-21,62.23,0.00,Travel,,,,,,,,,,,,,,,,,,,X,*
SB21B,C00578609,500536064,500525827,SB21B,ORG,Uber,,,,,,182 Howard St,Ste 8,San Francisco,CA,941051611,,,2024-08-21,32.25,0.00,Travel,,,,,,,,,,,,,,,,,,,X,*
SB21B,C00578609,500536065,500525827,SB21B,ORG,Uber,,,,,,182 Howard St,Ste 8,San Francisco,CA,941051611,,,2024-08-21,90.91,0.00,Travel,,,,,,,,,,,,,,,,,,,X,*
SB21B,C00578609,500535466,,,IND,,Kramer,Josh,,,,323 7Th St SE,,Washington,DC,200034307,,,2024-09-18,212.84,0.00,"Reimbursement, See Below if Itemized",,,,,,,,,,,,,,,,,,,,
SB21B,C00578609,500536074,500535466,SB21B,ORG,Uber,,,,,,182 Howard St,Ste 8,San Francisco,CA,941051611,,,2024-09-18,56.15,0.00,Travel,,,,,,,,,,,,,,,,,,,X,*
SB21B,C00578609,500536076,500535466,SB21B,ORG,Uber,,,,,,182 Howard St,Ste 8,San Francisco,CA,941051611,,,2024-09-18,82.01,0.00,Travel,,,,,,,,,,,,,,,,,,,X,*
SB21B,C00578609,500536075,500535466,SB21B,ORG,United Airlines,,,,,,PO Box 66100,,Chicago,IL,606660097,,,2024-09-18,60.00,0.00,Travel,,,,,,,,,,,,,,,,,,,X,*
SB21B,C00578609,500535471,,,IND,,Kramer,Josh,,,,323 7Th St SE,,Washington,DC,200034307,,,2024-09-25,186.46,0.00,"Reimbursement, See Below if Itemized",,,,,,,,,,,,,,,,,,,,
SB21B,C00578609,500536077,500535471,SB21B,ORG,Uber,,,,,,182 Howard St,Ste 8,San Francisco,CA,941051611,,,2024-09-25,82.20,0.00,Travel,,,,,,,,,,,,,,,,,,,X,*
SB21B,C00578609,500536078,500535471,SB21B,ORG,Uber,,,,,,182 Howard St,Ste 8,San Francisco,CA,941051611,,,2024-09-25,32.15,0.00,Travel,,,,,,,,,,,,,,,,,,,X,*
SB21B,C00578609,500536079,500535471,SB21B,ORG,Uber,,,,,,182 Howard St,Ste 8,San Francisco,CA,941051611,,,2024-09-25,38.36,0.00,Travel,,,,,,,,,,,,,,,,,,,X,*
SB21B,C00578609,500525778,,,ORG,Left Coast Strategies Inc,,,,,,25953 Stafford Canyon Rd,Unit B,Stevenson Ranch,CA,913811530,,,2024-07-10,6000.00,0.00,Fundraising Consulting Services,,,,,,,,,,,,,,,,,,,,
SB21B,C00578609,500525781,,,ORG,Left Coast Strategies Inc,,,,,,25953 Stafford Canyon Rd,Unit B,Stevenson Ranch,CA,913811530,,,2024-08-08,6000.00,0.00,Fundraising Consulting Services,,,,,,,,,,,,,,,,,,,,
SB21B,C00578609,500525782,,,ORG,Left Coast Strategies Inc,,,,,,25953 Stafford Canyon Rd,Unit B,Stevenson Ranch,CA,913811530,,,2024-08-30,4000.00,0.00,Fundraising Consulting Services,,,,,,,,,,,,,,,,,,,,
SB21B,C00578609,500535438,,,ORG,Left Coast Strategies Inc,,,,,,25953 Stafford Canyon Rd,Unit B,Stevenson Ranch,CA,913811530,,,2024-09-04,6000.00,0.00,Fundraising Consulting Services,,,,,,,,,,,,,,,,,,,,
SB21B,C00578609,500525788,,,ORG,LEMS Group,,,,,,5000 Euclid Ave,Ste 303,Cleveland,OH,441033754,,,2024-07-03,4210.00,0.00,Security Services,,,,,,,,,,,,,,,,,,,,
SB21B,C00578609,500525790,,,ORG,LEMS Group,,,,,,5000 Euclid Ave,Ste 303,Cleveland,OH,441033754,,,2024-08-06,3312.00,0.00,Security Services,,,,,,,,,,,,,,,,,,,,
SB21B,C00578609,500525795,,,ORG,LEMS Group,,,,,,5000 Euclid Ave,Ste 303,Cleveland,OH,441033754,,,2024-08-30,2568.00,0.00,Security Services,,,,,,,,,,,,,,,,,,,,
SB21B,C00578609,500535439,,,ORG,LEMS Group,,,,,,5000 Euclid Ave,Ste 303,Cleveland,OH,441033754,,,2024-09-04,8056.00,0.00,Security Services,,,,,,,,,,,,,,,,,,,,
SB21B,C00578609,500535440,,,ORG,LEMS Group,,,,,,5000 Euclid Ave,Ste 303,Cleveland,OH,441033754,,,2024-09-18,6224.00,0.00,Security Services,,,,,,,,,,,,,,,,,,,,
SB21B,C00578609,500535459,,,ORG,Madison Tent Rental Co,,,,,,PO Box 8,,London,OH,431400008,,,2024-09-18,1096.75,0.00,Event Supplies,,,,,,,,,,,,,,,,,,,,
SB21B,C00578609,500525792,,,ORG,McCann Protective Services,,,,,,5318 Seabury St,,Elmhurst,NY,113734430,,,2024-08-08,3717.53,0.00,Security Services,,,,,,,,,,,,,,,,,,,,
SB21B,C00578609,500525796,,,ORG,McCann Protective Services,,,,,,5318 Seabury St,,Elmhurst,NY,113734430,,,2024-08-30,9458.52,0.00,Security Services,,,,,,,,,,,,,,,,,,,,
SB21B,C00578609,500535441,,,ORG,MIB Shield,,,,,,8520 Michigan Ave,Unit 4385,Whittier,CA,906051400,,,2024-09-18,4045.00,0.00,Security Services,,,,,,,,,,,,,,,,,,,,
SB21B,C00578609,500525797,,,ORG,"NGP VAN, Inc.",,,,,,655 15Th St NW,Ste 650,Washington,DC,200055701,,,2024-08-23,318.00,0.00,Software,,,,,,,,,,,,,,,,,,,,
SB21B,C00578609,34943113I,34943113,SA11AI,IND,,Noden,Kirk,,,,4254 Lakewood Rd,,Ravenna,OH,442669522,,,2024-08-25,3288.49,0.00,Facility and Catering for Event,,,,,,,,,,,,,,,,,,,,* In-Kind Received
SB21B,C00578609,500525811,,,IND,,Padilla,Kimberly,,,,3867 Medina Rd,Ste 289,Akron,OH,443334525,,,2024-07-25,243.21,0.00,Mileage,,,,,,,,,,,,,,,,,,,,
SB21B,C00578609,500525793,,,ORG,Private Eyes Inc,,,,,,740 Greenville Blvd SE,,Greenville,NC,278585135,,,2024-08-08,14758.91,0.00,Security Services,,,,,,,,,,,,,,,,,,,,
SB21B,C00578609,500525794,,,ORG,Private Eyes Inc,,,,,,740 Greenville Blvd SE,,Greenville,NC,278585135,,,2024-08-13,11000.00,0.00,Security Services,,,,,,,,,,,,,,,,,,,,
SB21B,C00578609,500525769,,,ORG,Queen City Club,,,,,,331 E 4Th St,,Cincinnati,OH,452024266,,,2024-08-06,3381.24,0.00,Catering,,,,,,,,,,,,,,,,,,,,
SB21B,C00578609,500525770,,,ORG,Queen City Club,,,,,,331 E 4Th St,,Cincinnati,OH,452024266,,,2024-08-21,338.12,0.00,Catering,,,,,,,,,,,,,,,,,,,,
SB21B,C00578609,500525815,,,IND,,Stahl,Regen,,,,3867 Medina Rd,Ste 289,Akron,OH,443334525,,,2024-08-30,645.21,0.00,Mileage,,,,,,,,,,,,,,,,,,,,
SB21B,C00578609,500535463,,,IND,,Stahl,Regen,,,,3867 Medina Rd,Ste 289,Akron,OH,443334525,,,2024-09-10,351.75,0.00,Mileage,,,,,,,,,,,,,,,,,,,,
SB21B,C00578609,500525776,,,ORG,The Kauffman Group,,,,,,323 7Th St SE,,Washington,DC,200034307,,,2024-07-02,22000.00,0.00,Fundraising Consulting Services,,,,,,,,,,,,,,,,,,,,
SB21B,C00578609,500525779,,,ORG,The Kauffman Group,,,,,,323 7Th St SE,,Washington,DC,200034307,,,2024-08-01,22000.00,0.00,Fundraising Consulting Services,,,,,,,,,,,,,,,,,,,,
SB21B,C00578609,500535442,,,ORG,The Kauffman Group,,,,,,323 7Th St SE,,Washington,DC,200034307,,,2024-09-04,22000.00,0.00,Fundraising Consulting Services,,,,,,,,,,,,,,,,,,,,
SB21B,C00578609,500525766,,,ORG,Together & Company,,,,,,550 S High St,,Columbus,OH,432155607,,,2024-07-10,3885.00,0.00,Catering,,,,,,,,,,,,,,,,,,,,
SB21B,C00578609,500525787,,,ORG,Velocity Direct,,,,,,6410 Eastland Rd,Ste G,Cleveland,OH,441421306,,,2024-08-06,3129.88,0.00,Printing,,,,,,,,,,,,,,,,,,,,
SB21B,C00578609,500535443,,,ORG,Velocity Direct,,,,,,6410 Eastland Rd,Ste G,Cleveland,OH,441421306,,,2024-09-10,3691.41,0.00,Printing,,,,,,,,,,,,,,,,,,,,
SB21B,C00578609,500535444,,,ORG,Velocity Direct,,,,,,6410 Eastland Rd,Ste G,Cleveland,OH,441421306,,,2024-09-25,1518.66,0.00,Printing,,,,,,,,,,,,,,,,,,,,
SB21B,C00578609,500525810,,,IND,,Volker,Anne,,,,3867 Medina Rd,Ste 289,Akron,OH,443334525,,,2024-07-25,255.42,0.00,Mileage,,,,,,,,,,,,,,,,,,,,
SB21B,C00578609,500525813,,,IND,,Volker,Anne,,,,3867 Medina Rd,Ste 289,Akron,OH,443334525,,,2024-08-21,183.48,0.00,Mileage,,,,,,,,,,,,,,,,,,,,
SB21B,C00578609,500535464,,,IND,,Volker,Anne,,,,3867 Medina Rd,Ste 289,Akron,OH,443334525,,,2024-09-10,691.02,0.00,Mileage,,,,,,,,,,,,,,,,,,,,
