form_type,filer_committee_id_number,transaction_id_number,back_reference_tran_id_number,back_reference_sched_name,entity_type,payee_organization_name,payee_last_name,payee_first_name,payee_middle_name,payee_prefix,payee_suffix,payee_street_1,payee_street_2,payee_city,payee_state,payee_zip_code,election_code,election_other_description,expenditure_date,expenditure_amount,semi_annual_refunded_bundled_amt,expenditure_purpose_descrip,category_code,beneficiary_committee_fec_id,beneficiary_committee_name,beneficiary_candidate_fec_id,beneficiary_candidate_last_name,beneficiary_candidate_first_name,beneficiary_candidate_middle_name,beneficiary_candidate_prefix,beneficiary_candidate_suffix,beneficiary_candidate_office,beneficiary_candidate_state,beneficiary_candidate_district,conduit_name,conduit_street_1,conduit_street_2,conduit_city,conduit_state,conduit_zip_code,memo_code,memo_text_description,reference_to_si_or_sl_system_code_that_identifies_the_account
SB21B,C00836320,EB7,,,ORG,ActBlue Technical Services,,,,,,366 Sommer Street,,Somerville,MA,02144,,,2023-03-31,10644.47,,Merchant Fees,001,,,,,,,,,,,,,,,,,,,
SB21B,C00836320,EB10,,,ORG,ActBlue Technical Services,,,,,,366 Sommer Street,,Somerville,MA,02144,,,2023-04-02,1413.43,,Merchant Fees,001,,,,,,,,,,,,,,,,,,,
SB21B,C00836320,EB11,,,ORG,ActBlue Technical Services,,,,,,366 Sommer Street,,Somerville,MA,02144,,,2023-04-09,9005.24,,Merchant Fees,001,,,,,,,,,,,,,,,,,,,
SB21B,C00836320,EB58,,,ORG,ActBlue Technical Services,,,,,,366 Sommer Street,,Somerville,MA,02144,,,2023-04-16,9480.80,,Merchant Fees,001,,,,,,,,,,,,,,,,,,,
SB21B,C00836320,EB85,,,ORG,ActBlue Technical Services,,,,,,366 Sommer Street,,Somerville,MA,02144,,,2023-04-23,2137.49,,Merchant Fees,001,,,,,,,,,,,,,,,,,,,
SB21B,C00836320,EB109,,,ORG,ActBlue Technical Services,,,,,,366 Sommer Street,,Somerville,MA,02144,,,2023-04-30,2443.04,,Merchant Fees,001,,,,,,,,,,,,,,,,,,,
SB21B,C00836320,EB128,,,ORG,ActBlue Technical Services,,,,,,366 Sommer Street,,Somerville,MA,02144,,,2023-05-07,2607.24,,Merchant Fees,001,,,,,,,,,,,,,,,,,,,
SB21B,C00836320,EB153,,,ORG,ActBlue Technical Services,,,,,,366 Sommer Street,,Somerville,MA,02144,,,2023-05-14,529.96,,Merchant Fees,001,,,,,,,,,,,,,,,,,,,
SB21B,C00836320,EB166,,,ORG,ActBlue Technical Services,,,,,,366 Sommer Street,,Somerville,MA,02144,,,2023-05-21,1522.39,,Merchant Fees,001,,,,,,,,,,,,,,,,,,,
SB21B,C00836320,EB169,,,ORG,ActBlue Technical Services,,,,,,366 Sommer Street,,Somerville,MA,02144,,,2023-05-28,5827.29,,Merchant Fees,001,,,,,,,,,,,,,,,,,,,
SB21B,C00836320,EB201,,,ORG,ActBlue Technical Services,,,,,,366 Sommer Street,,Somerville,MA,02144,,,2023-05-31,2369.76,,Merchant Fees,001,,,,,,,,,,,,,,,,,,,
SB21B,C00836320,EB203,,,ORG,ActBlue Technical Services,,,,,,366 Sommer Street,,Somerville,MA,02144,,,2023-06-04,1491.57,,Merchant Fees,001,,,,,,,,,,,,,,,,,,,
SB21B,C00836320,EB214,,,ORG,ActBlue Technical Services,,,,,,366 Sommer Street,,Somerville,MA,02144,,,2023-06-11,28478.87,,Merchant Fees,001,,,,,,,,,,,,,,,,,,,
SB21B,C00836320,EB247,,,ORG,ActBlue Technical Services,,,,,,366 Sommer Street,,Somerville,MA,02144,,,2023-06-18,12542.35,,Merchant Fees,001,,,,,,,,,,,,,,,,,,,
SB21B,C00836320,EB281,,,ORG,ActBlue Technical Services,,,,,,366 Sommer Street,,Somerville,MA,02144,,,2023-06-25,3718.07,,Merchant Fees,001,,,,,,,,,,,,,,,,,,,
SB21B,C00836320,EB288,,,ORG,ActBlue Technical Services,,,,,,366 Sommer Street,,Somerville,MA,02144,,,2023-06-30,4681.63,,Merchant Fees,001,,,,,,,,,,,,,,,,,,,
SB21B,C00836320,EB67,,,ORG,American Express,,,,,,200 Vesey Street,,New York,NY,10281,,,2023-04-21,21171.80,,Credit Card Payment,001,,,,,,,,,,,,,,,,,,,
SB21B,C00836320,XB59EB67,EB67,SB21B,ORG,21c Museum Hotel Bentonville,,,,,,200 NE. A Street,,Bentonville,AR,72712,,,2023-04-21,351.85,,Travel Expenses,002,,,,,,,,,,,,American Express,200 Vesey Street,,New York,NY,10281,X,
SB21B,C00836320,XB74EB67,EB67,SB21B,ORG,21c Museum Hotel Bentonville,,,,,,200 NE. A Street,,Bentonville,AR,72712,,,2023-04-21,363.20,,Travel Expenses,002,,,,,,,,,,,,American Express,200 Vesey Street,,New York,NY,10281,X,
SB21B,C00836320,XB75EB67,EB67,SB21B,ORG,21c Museum Hotel Bentonville,,,,,,200 NE. A Street,,Bentonville,AR,72712,,,2023-04-21,377.90,,Travel Expenses,002,,,,,,,,,,,,American Express,200 Vesey Street,,New York,NY,10281,X,
SB21B,C00836320,XB76EB67,EB67,SB21B,ORG,21c Museum Hotel Bentonville,,,,,,200 NE. A Street,,Bentonville,AR,72712,,,2023-04-21,1072.78,,Travel Expenses,002,,,,,,,,,,,,American Express,200 Vesey Street,,New York,NY,10281,X,
SB21B,C00836320,XB77EB67,EB67,SB21B,ORG,21c Museum Hotel Bentonville,,,,,,200 NE. A Street,,Bentonville,AR,72712,,,2023-04-21,363.20,,Travel Expenses,002,,,,,,,,,,,,American Express,200 Vesey Street,,New York,NY,10281,X,
SB21B,C00836320,XB23EB67,EB67,SB21B,ORG,AC Hotel Little Rock Downtown,,,,,,201 W. Capitol Avenue,,Little Rock,AR,72201,,,2023-04-21,169.50,,Travel Expenses,002,,,,,,,,,,,,American Express,200 Vesey Street,,New York,NY,10281,X,
SB21B,C00836320,XB24EB67,EB67,SB21B,ORG,AC Hotel Little Rock Downtown,,,,,,201 W. Capitol Avenue,,Little Rock,AR,72201,,,2023-04-21,169.50,,Travel Expenses,002,,,,,,,,,,,,American Express,200 Vesey Street,,New York,NY,10281,X,
SB21B,C00836320,XB52EB67,EB67,SB21B,ORG,AC Hotel Little Rock Downtown,,,,,,201 W. Capitol Avenue,,Little Rock,AR,72201,,,2023-04-21,32.69,,Travel Expenses,002,,,,,,,,,,,,American Express,200 Vesey Street,,New York,NY,10281,X,
SB21B,C00836320,XB53EB67,EB67,SB21B,ORG,AC Hotel Little Rock Downtown,,,,,,201 W. Capitol Avenue,,Little Rock,AR,72201,,,2023-04-21,28.67,,Travel Expenses,002,,,,,,,,,,,,American Express,200 Vesey Street,,New York,NY,10281,X,
SB21B,C00836320,XB65EB67,EB67,SB21B,ORG,AC Hotel Little Rock Downtown,,,,,,201 W. Capitol Avenue,,Little Rock,AR,72201,,,2023-04-21,155.89,,Travel Expenses,002,,,,,,,,,,,,American Express,200 Vesey Street,,New York,NY,10281,X,
SB21B,C00836320,XB18EB67,EB67,SB21B,ORG,Allianz Travel Insurance,,,,,,9950 Mayland Drive,,Richmond,VA,23233,,,2023-04-21,42.56,,Travel Expenses,002,,,,,,,,,,,,American Express,200 Vesey Street,,New York,NY,10281,X,
SB21B,C00836320,XB17EB67,EB67,SB21B,ORG,American Airlines,,,,,,4255 Amon Carter Blvd.,,Fort Worth,TX,76155,,,2023-04-21,430.20,,Travel Expenses,002,,,,,,,,,,,,American Express,200 Vesey Street,,New York,NY,10281,X,
SB21B,C00836320,XB12EB67,EB67,SB21B,ORG,American Airlines,,,,,,4255 Amon Carter Blvd.,,Fort Worth,TX,76155,,,2023-04-21,430.20,,Travel Expenses,002,,,,,,,,,,,,American Express,200 Vesey Street,,New York,NY,10281,X,
SB21B,C00836320,XB16EB67,EB67,SB21B,ORG,American Airlines,,,,,,4255 Amon Carter Blvd.,,Fort Worth,TX,76155,,,2023-04-21,430.20,,Travel Expenses,002,,,,,,,,,,,,American Express,200 Vesey Street,,New York,NY,10281,X,
SB21B,C00836320,XB15EB67,EB67,SB21B,ORG,American Airlines,,,,,,4255 Amon Carter Blvd.,,Fort Worth,TX,76155,,,2023-04-21,430.20,,Travel Expenses,002,,,,,,,,,,,,American Express,200 Vesey Street,,New York,NY,10281,X,
SB21B,C00836320,XB26EB67,EB67,SB21B,ORG,American Airlines,,,,,,4255 Amon Carter Blvd.,,Fort Worth,TX,76155,,,2023-04-21,673.20,,Travel Expenses,002,,,,,,,,,,,,American Express,200 Vesey Street,,New York,NY,10281,X,
SB21B,C00836320,XB25EB67,EB67,SB21B,ORG,American Airlines,,,,,,4255 Amon Carter Blvd.,,Fort Worth,TX,76155,,,2023-04-21,18.02,,Travel Expenses,002,,,,,,,,,,,,American Express,200 Vesey Street,,New York,NY,10281,X,
SB21B,C00836320,XB31EB67,EB67,SB21B,ORG,American Airlines,,,,,,4255 Amon Carter Blvd.,,Fort Worth,TX,76155,,,2023-04-21,28.98,,Travel Expenses,002,,,,,,,,,,,,American Express,200 Vesey Street,,New York,NY,10281,X,
SB21B,C00836320,XB32EB67,EB67,SB21B,ORG,American Airlines,,,,,,4255 Amon Carter Blvd.,,Fort Worth,TX,76155,,,2023-04-21,723.20,,Travel Expenses,002,,,,,,,,,,,,American Express,200 Vesey Street,,New York,NY,10281,X,
SB21B,C00836320,XB30EB67,EB67,SB21B,ORG,American Airlines,,,,,,4255 Amon Carter Blvd.,,Fort Worth,TX,76155,,,2023-04-21,443.20,,Travel Expenses,002,,,,,,,,,,,,American Express,200 Vesey Street,,New York,NY,10281,X,
SB21B,C00836320,XB29EB67,EB67,SB21B,ORG,American Airlines,,,,,,4255 Amon Carter Blvd.,,Fort Worth,TX,76155,,,2023-04-21,306.20,,Travel Expenses,002,,,,,,,,,,,,American Express,200 Vesey Street,,New York,NY,10281,X,
SB21B,C00836320,XB40EB67,EB67,SB21B,ORG,American Airlines,,,,,,4255 Amon Carter Blvd.,,Fort Worth,TX,76155,,,2023-04-21,543.20,,Travel Expenses,002,,,,,,,,,,,,American Express,200 Vesey Street,,New York,NY,10281,X,
SB21B,C00836320,XB47EB67,EB67,SB21B,ORG,American Airlines,,,,,,4255 Amon Carter Blvd.,,Fort Worth,TX,76155,,,2023-04-21,28.48,,Travel Expenses,002,,,,,,,,,,,,American Express,200 Vesey Street,,New York,NY,10281,X,
SB21B,C00836320,XB46EB67,EB67,SB21B,ORG,American Airlines,,,,,,4255 Amon Carter Blvd.,,Fort Worth,TX,76155,,,2023-04-21,462.20,,Travel Expenses,002,,,,,,,,,,,,American Express,200 Vesey Street,,New York,NY,10281,X,
SB21B,C00836320,XB45EB67,EB67,SB21B,ORG,American Airlines,,,,,,4255 Amon Carter Blvd.,,Fort Worth,TX,76155,,,2023-04-21,51.00,,Travel Expenses,002,,,,,,,,,,,,American Express,200 Vesey Street,,New York,NY,10281,X,
SB21B,C00836320,XB54EB67,EB67,SB21B,ORG,American Airlines,,,,,,4255 Amon Carter Blvd.,,Fort Worth,TX,76155,,,2023-04-21,89.00,,Travel Expenses,002,,,,,,,,,,,,American Express,200 Vesey Street,,New York,NY,10281,X,
SB21B,C00836320,XB55EB67,EB67,SB21B,ORG,American Airlines,,,,,,4255 Amon Carter Blvd.,,Fort Worth,TX,76155,,,2023-04-21,65.52,,Travel Expenses,002,,,,,,,,,,,,American Express,200 Vesey Street,,New York,NY,10281,X,
SB21B,C00836320,XB67EB67,EB67,SB21B,ORG,Broad Street Baking Company,,,,,,"4465 I 55 N, Suite 101",,Jackson,MS,39206,,,2023-04-21,17.57,,Food/Beverages,001,,,,,,,,,,,,American Express,200 Vesey Street,,New York,NY,10281,X,
SB21B,C00836320,XB66EB67,EB67,SB21B,ORG,Broad Street Baking Company,,,,,,"4465 I 55 N, Suite 101",,Jackson,MS,39206,,,2023-04-21,20.03,,Food/Beverages,001,,,,,,,,,,,,American Express,200 Vesey Street,,New York,NY,10281,X,
SB21B,C00836320,XB68EB67,EB67,SB21B,ORG,Broad Street Baking Company,,,,,,"4465 I 55 N, Suite 101",,Jackson,MS,39206,,,2023-04-21,6.90,,Food/Beverages,001,,,,,,,,,,,,American Express,200 Vesey Street,,New York,NY,10281,X,
SB21B,C00836320,XB34EB67,EB67,SB21B,ORG,Budget.com,,,,,,6 Sylvan Way,,Parsippany,NJ,07054,,,2023-04-21,222.33,,Travel Expenses,002,,,,,,,,,,,,American Express,200 Vesey Street,,New York,NY,10281,X,
SB21B,C00836320,XB20EB67,EB67,SB21B,ORG,Delta Airlines,,,,,,1030 Delta Blvd.,,Atlanta,GA,30320,,,2023-04-21,773.90,,Travel Expenses,002,,,,,,,,,,,,American Express,200 Vesey Street,,New York,NY,10281,X,
SB21B,C00836320,XB21EB67,EB67,SB21B,ORG,Delta Airlines,,,,,,1030 Delta Blvd.,,Atlanta,GA,30320,,,2023-04-21,538.90,,Travel Expenses,002,,,,,,,,,,,,American Express,200 Vesey Street,,New York,NY,10281,X,
SB21B,C00836320,XB35EB67,EB67,SB21B,ORG,Delta Airlines,,,,,,1030 Delta Blvd.,,Atlanta,GA,30320,,,2023-04-21,9.99,,Travel Expenses,002,,,,,,,,,,,,American Express,200 Vesey Street,,New York,NY,10281,X,
SB21B,C00836320,XB36EB67,EB67,SB21B,ORG,Delta Airlines,,,,,,1030 Delta Blvd.,,Atlanta,GA,30320,,,2023-04-21,29.99,,Travel Expenses,002,,,,,,,,,,,,American Express,200 Vesey Street,,New York,NY,10281,X,
SB21B,C00836320,XB38EB67,EB67,SB21B,ORG,Delta Airlines,,,,,,1030 Delta Blvd.,,Atlanta,GA,30320,,,2023-04-21,488.90,,Travel Expenses,002,,,,,,,,,,,,American Express,200 Vesey Street,,New York,NY,10281,X,
SB21B,C00836320,XB37EB67,EB67,SB21B,ORG,Delta Airlines,,,,,,1030 Delta Blvd.,,Atlanta,GA,30320,,,2023-04-21,238.70,,Travel Expenses,002,,,,,,,,,,,,American Express,200 Vesey Street,,New York,NY,10281,X,
SB21B,C00836320,XB49EB67,EB67,SB21B,ORG,Delta Airlines,,,,,,1030 Delta Blvd.,,Atlanta,GA,30320,,,2023-04-21,448.90,,Travel Expenses,002,,,,,,,,,,,,American Express,200 Vesey Street,,New York,NY,10281,X,
SB21B,C00836320,XB80EB67,EB67,SB21B,ORG,Embassy Suites Montgomery,,,,,,300 Tallapoosa Street,,Montgomery,AL,36104,,,2023-04-21,556.22,,Travel Expenses,002,,,,,,,,,,,,American Express,200 Vesey Street,,New York,NY,10281,X,
SB21B,C00836320,XB81EB67,EB67,SB21B,ORG,Embassy Suites Montgomery,,,,,,300 Tallapoosa Street,,Montgomery,AL,36104,,,2023-04-21,288.70,,Travel Expenses,002,,,,,,,,,,,,American Express,200 Vesey Street,,New York,NY,10281,X,
SB21B,C00836320,XB82EB67,EB67,SB21B,ORG,Embassy Suites Montgomery,,,,,,300 Tallapoosa Street,,Montgomery,AL,36104,,,2023-04-21,288.70,,Travel Expenses,002,,,,,,,,,,,,American Express,200 Vesey Street,,New York,NY,10281,X,
SB21B,C00836320,XB83EB67,EB67,SB21B,ORG,Embassy Suites Montgomery,,,,,,300 Tallapoosa Street,,Montgomery,AL,36104,,,2023-04-21,288.70,,Travel Expenses,002,,,,,,,,,,,,American Express,200 Vesey Street,,New York,NY,10281,X,
SB21B,C00836320,XB84EB67,EB67,SB21B,ORG,Embassy Suites Montgomery,,,,,,300 Tallapoosa Street,,Montgomery,AL,36104,,,2023-04-21,288.70,,Travel Expenses,002,,,,,,,,,,,,American Express,200 Vesey Street,,New York,NY,10281,X,
SB21B,C00836320,XB85EB67,EB67,SB21B,ORG,Embassy Suites Montgomery,,,,,,300 Tallapoosa Street,,Montgomery,AL,36104,,,2023-04-21,288.70,,Travel Expenses,002,,,,,,,,,,,,American Express,200 Vesey Street,,New York,NY,10281,X,
SB21B,C00836320,XB19EB67,EB67,SB21B,ORG,Fairview Inn,,,,,,734 Fairview Street,,Jackson,MS,39202,,,2023-04-21,809.22,,Travel Expenses,002,,,,,,,,,,,,American Express,200 Vesey Street,,New York,NY,10281,X,
SB21B,C00836320,XB60EB67,EB67,SB21B,ORG,Fairview Inn,,,,,,734 Fairview Street,,Jackson,MS,39202,,,2023-04-21,44.80,,Travel Expenses,002,,,,,,,,,,,,American Express,200 Vesey Street,,New York,NY,10281,X,
SB21B,C00836320,XB63EB67,EB67,SB21B,ORG,Fairview Inn,,,,,,734 Fairview Street,,Jackson,MS,39202,,,2023-04-21,171.70,,Travel Expenses,002,,,,,,,,,,,,American Express,200 Vesey Street,,New York,NY,10281,X,
SB21B,C00836320,XB62EB67,EB67,SB21B,ORG,G Suite,,,,,,1600 Amphitheatre Parkway,,Mountain View,CA,94043,,,2023-04-21,158.40,,Subscription,001,,,,,,,,,,,,American Express,200 Vesey Street,,New York,NY,10281,X,
SB21B,C00836320,XB44EB67,EB67,SB21B,ORG,Getaroom.com,,,,,,"3010 LBJ Freeway, Suite 1550 Dalla",,Dallas,TX,75234,,,2023-04-21,230.10,,Travel Expenses,002,,,,,,,,,,,,American Express,200 Vesey Street,,New York,NY,10281,X,
SB21B,C00836320,XB89EB67,EB67,SB21B,ORG,Getaroom.com,,,,,,"3010 LBJ Freeway, Suite 1550 Dalla",,Dallas,TX,75234,,,2023-04-21,281.82,,Travel Expenses,002,,,,,,,,,,,,American Express,200 Vesey Street,,New York,NY,10281,X,
SB21B,C00836320,XB28EB67,EB67,SB21B,ORG,Google Storage,,,,,,1600 Amphitheatre Parkway,,Mountain View,CA,94043,,,2023-04-21,1.99,,Subscription,001,,,,,,,,,,,,American Express,200 Vesey Street,,New York,NY,10281,X,
SB21B,C00836320,XB56EB67,EB67,SB21B,ORG,Hertz Car Rental,,,,,,8501 Williams Road,,Estero,FL,33928,,,2023-04-21,153.45,,Travel Expenses,002,,,,,,,,,,,,American Express,200 Vesey Street,,New York,NY,10281,X,
SB21B,C00836320,XB86EB67,EB67,SB21B,ORG,Hertz Car Rental,,,,,,8501 Williams Road,,Estero,FL,33928,,,2023-04-21,656.69,,Travel Expenses,002,,,,,,,,,,,,American Express,200 Vesey Street,,New York,NY,10281,X,
SB21B,C00836320,XB73EB67,EB67,SB21B,ORG,Hilton Garden Inn,,,,,,4518 E. Skelly Drive,,Tulsa,OK,74135,,,2023-04-21,227.23,,Travel Expenses,002,,,,,,,,,,,,American Express,200 Vesey Street,,New York,NY,10281,X,
SB21B,C00836320,XB71EB67,EB67,SB21B,ORG,Hyatt Regency Sarasota,,,,,,1000 Boulevard of the Arts,,Sarasota,FL,34236,,,2023-04-21,344.32,,Travel Expenses,002,,,,,,,,,,,,American Express,200 Vesey Street,,New York,NY,10281,X,
SB21B,C00836320,XB78EB67,EB67,SB21B,ORG,Hyatt Regency Sarasota,,,,,,1000 Boulevard of the Arts,,Sarasota,FL,34236,,,2023-04-21,336.78,,Travel Expenses,002,,,,,,,,,,,,American Express,200 Vesey Street,,New York,NY,10281,X,
SB21B,C00836320,XB87EB67,EB67,SB21B,ORG,Hyatt Regency Sarasota,,,,,,1000 Boulevard of the Arts,,Sarasota,FL,34236,,,2023-04-21,333.23,,Travel Expenses,002,,,,,,,,,,,,American Express,200 Vesey Street,,New York,NY,10281,X,
SB21B,C00836320,XB39EB67,EB67,SB21B,ORG,Los Angeles Times,,,,,,2300 East Imperial Highway,,El Segundo,CA,90245,,,2023-04-21,15.96,,Subscription,001,,,,,,,,,,,,American Express,200 Vesey Street,,New York,NY,10281,X,
SB21B,C00836320,XB42EB67,EB67,SB21B,ORG,Renaissance Montgomery,,,,,,201 Tallapoosa Street,,Montgomery,AL,36104,,,2023-04-21,316.20,,Travel Expenses,002,,,,,,,,,,,,American Express,200 Vesey Street,,New York,NY,10281,X,
SB21B,C00836320,XB43EB67,EB67,SB21B,ORG,Renaissance Montgomery,,,,,,201 Tallapoosa Street,,Montgomery,AL,36104,,,2023-04-21,282.85,,Travel Expenses,002,,,,,,,,,,,,American Express,200 Vesey Street,,New York,NY,10281,X,
SB21B,C00836320,XB58EB67,EB67,SB21B,ORG,Roxie Deli & Barbeque,,,,,,3340 C Street,,Sacramento,CA,95816,,,2023-04-21,44.01,,Food/Beverages,001,,,,,,,,,,,,American Express,200 Vesey Street,,New York,NY,10281,X,
SB21B,C00836320,XB22EB67,EB67,SB21B,ORG,Southwest Airlines,,,,,,2702 Love Field Drive,,Dallas,TX,75235,,,2023-04-21,367.99,,Travel Expenses,002,,,,,,,,,,,,American Express,200 Vesey Street,,New York,NY,10281,X,
SB21B,C00836320,XB33EB67,EB67,SB21B,ORG,Southwest Airlines,,,,,,2702 Love Field Drive,,Dallas,TX,75235,,,2023-04-21,260.98,,Travel Expenses,002,,,,,,,,,,,,American Express,200 Vesey Street,,New York,NY,10281,X,
SB21B,C00836320,XB64EB67,EB67,SB21B,ORG,The Hive,,,,,,200 NE A Street,,Bentonville,AR,72712,,,2023-04-21,113.22,,Food/Beverages,001,,,,,,,,,,,,American Express,200 Vesey Street,,New York,NY,10281,X,
SB21B,C00836320,XB88EB67,EB67,SB21B,ORG,The Westin Jackson,,,,,,407 S. Congress Street,,Jackson,MS,39201,,,2023-04-21,244.95,,Travel Expenses,002,,,,,,,,,,,,American Express,200 Vesey Street,,New York,NY,10281,X,
SB21B,C00836320,XB57EB67,EB67,SB21B,ORG,The Westin Jackson,,,,,,407 S. Congress Street,,Jackson,MS,39201,,,2023-04-21,428.71,,Travel Expenses,002,,,,,,,,,,,,American Express,200 Vesey Street,,New York,NY,10281,X,
SB21B,C00836320,XB79EB67,EB67,SB21B,ORG,The Westin Jackson,,,,,,407 S. Congress Street,,Jackson,MS,39201,,,2023-04-21,310.44,,Travel Expenses,002,,,,,,,,,,,,American Express,200 Vesey Street,,New York,NY,10281,X,
SB21B,C00836320,XB70EB67,EB67,SB21B,ORG,Tusk & Trotter American Brasserie,,,,,,110 SE A Street,,Bentonville,AR,72712,,,2023-04-21,308.84,,Food/Beverages,001,,,,,,,,,,,,American Express,200 Vesey Street,,New York,NY,10281,X,
SB21B,C00836320,XB61EB67,EB67,SB21B,ORG,Uber,,,,,,"1455 Market Street, #400",,San Francisco,CA,94103,,,2023-04-21,23.00,,Travel Expenses,002,,,,,,,,,,,,American Express,200 Vesey Street,,New York,NY,10281,X,
SB21B,C00836320,XB41EB67,EB67,SB21B,ORG,United Airlines,,,,,,"233 S. Wacker Drive, 28th Floor",,Chicago,IL,60606,,,2023-04-21,123.00,,Travel Expenses,002,,,,,,,,,,,,American Express,200 Vesey Street,,New York,NY,10281,X,
SB21B,C00836320,XB50EB67,EB67,SB21B,ORG,United Airlines,,,,,,"233 S. Wacker Drive, 28th Floor",,Chicago,IL,60606,,,2023-04-21,34.00,,Travel Expenses,002,,,,,,,,,,,,American Express,200 Vesey Street,,New York,NY,10281,X,
SB21B,C00836320,XB51EB67,EB67,SB21B,ORG,United Airlines,,,,,,"233 S. Wacker Drive, 28th Floor",,Chicago,IL,60606,,,2023-04-21,452.20,,Travel Expenses,002,,,,,,,,,,,,American Express,200 Vesey Street,,New York,NY,10281,X,
SB21B,C00836320,XB48EB67,EB67,SB21B,ORG,United Airlines,,,,,,"233 S. Wacker Drive, 28th Floor",,Chicago,IL,60606,,,2023-04-21,770.90,,Travel Expenses,002,,,,,,,,,,,,American Express,200 Vesey Street,,New York,NY,10281,X,
SB21B,C00836320,XB72EB67,EB67,SB21B,ORG,WalMart,,,,,,1621 S. Business 9,,Morrilton,AR,72110,,,2023-04-21,248.25,,Office Supplies,001,,,,,,,,,,,,American Express,200 Vesey Street,,New York,NY,10281,X,
SB21B,C00836320,EB37,,,ORG,"Bearstar Strategies, Inc.",,,,,,"114 Sansome Street, Suite 200",,San Francisco,CA,94104,,,2023-04-17,66703.54,,Digital Ads,004,,,,,,,,,,,,,,,,,,,
SB21B,C00836320,EB190,,,ORG,"Bertolina & Barnato, Inc.",,,,,,"1414 K Street, Suite 250",,Sacramento,CA,95814,,,2023-06-05,15000.00,,Fundraising Consulting,003,,,,,,,,,,,,,,,,,,,
SB21B,C00836320,EB56,,,IND,,Brokaw,Brian,,,,1332 35th Street,,Sacramento,CA,95816,,,2023-04-19,195.45,,Food/Beverages,001,,,,,,,,,,,,,,,,,,,
SB21B,C00836320,EB55,,,IND,,Brokaw,Brian,,,,1332 35th Street,,Sacramento,CA,95816,,,2023-04-19,2114.14,,Travel Expenses,002,,,,,,,,,,,,,,,,,,,
SB21B,C00836320,XB5EB55,EB55,SB21B,ORG,21C Museum Hotel,,,,,,200 NE. A Street,,Bentoville,AR,72712,,,2023-04-19,363.20,,Travel Expenses,002,,,,,,,,,,,,"Brokaw, Brian",1332 35th Street,,Sacramento,CA,95816,X,
SB21B,C00836320,XB1EB55,EB55,SB21B,ORG,American Airlines,,,,,,4255 Amon Carter Blvd.,,Fort Worth,TX,76155,,,2023-04-19,430.20,,Travel Expenses,002,,,,,,,,,,,,"Brokaw, Brian",1332 35th Street,,Sacramento,CA,95816,X,
SB21B,C00836320,XB4EB55,EB55,SB21B,ORG,Embassy Suites Montgomery,,,,,,300 Tallapoosa Street,,Montgomery,AL,36104,,,2023-04-19,308.60,,Travel Expenses,002,,,,,,,,,,,,"Brokaw, Brian",1332 35th Street,,Sacramento,CA,95816,X,
SB21B,C00836320,XB3EB55,EB55,SB21B,ORG,Fairview Inn,,,,,,734 Fairview Street,,Jackson,MS,39202,,,2023-04-19,254.94,,Travel Expenses,002,,,,,,,,,,,,"Brokaw, Brian",1332 35th Street,,Sacramento,CA,95816,X,
SB21B,C00836320,XB2EB55,EB55,SB21B,ORG,United Airlines,,,,,,"233 S. Wacker Drive, 28th Floor",,Chicago,IL,60606,,,2023-04-19,717.20,,Travel Expenses,002,,,,,,,,,,,,"Brokaw, Brian",1332 35th Street,,Sacramento,CA,95816,X,
SB21B,C00836320,EB6,,,IND,,Cobia,Lindsey,,,,1435 Santa Ynez Way,,Sacramento,CA,95816,,,2023-04-14,8427.97,,Payroll,001,,,,,,,,,,,,,,,,,,,
SB21B,C00836320,EB70,,,IND,,Cobia,Lindsey,,,,1435 Santa Ynez Way,,Sacramento,CA,95816,,,2023-04-21,1080.84,,Travel Expenses,002,,,,,,,,,,,,,,,,,,,
SB21B,C00836320,XB8EB70,EB70,SB21B,ORG,Embassy Suite Montgomery,,,,,,300 Tallaposa Street,,Montgomery,AL,36104,,,2023-04-21,297.30,,Travel Expenses,002,,,,,,,,,,,,"Cobia, Lindsey",1435 Santa Ynez Way,,Sacramento,CA,95816,X,
SB21B,C00836320,XB9EB70,EB70,SB21B,ORG,Renaissance Montgomery,,,,,,201 Tallapoosa Street,,Montgomery,AL,36104,,,2023-04-21,783.54,,Travel Expenses,002,,,,,,,,,,,,"Cobia, Lindsey",1435 Santa Ynez Way,,Sacramento,CA,95816,X,
SB21B,C00836320,EB71,,,IND,,Cobia,Lindsey,,,,1435 Santa Ynez Way,,Sacramento,CA,95816,,,2023-04-21,471.29,,Office Supplies,001,,,,,,,,,,,,,,,,,,,
SB21B,C00836320,XB10EB71,EB71,SB21B,ORG,Clinton Museum Store,,,,,,610 President Clinton Avenue,,Little Rock,AR,72201,,,2023-04-21,286.27,,Office Supplies,001,,,,,,,,,,,,"Cobia, Lindsey",1435 Santa Ynez Way,,Sacramento,CA,95816,X,
SB21B,C00836320,XB11EB71,EB71,SB21B,ORG,In Pyramid Art Books,,,,,,1001 Wright Avenue,,Little Rock,AR,72206,,,2023-04-21,185.02,,Office Supplies,001,,,,,,,,,,,,"Cobia, Lindsey",1435 Santa Ynez Way,,Sacramento,CA,95816,X,
SB21B,C00836320,EB69,,,IND,,Cobia,Lindsey,,,,1435 Santa Ynez Way,,Sacramento,CA,95816,,,2023-04-21,774.15,,Food/Beverages,001,,,,,,,,,,,,,,,,,,,
SB21B,C00836320,XB7EB69,EB69,SB21B,ORG,Dreamland BBQ,,,,,,"12 W. Jefferson Street, #100",,Montgomery,AL,36104,,,2023-04-21,261.52,,Food/Beverages,001,,,,,,,,,,,,"Cobia, Lindsey",1435 Santa Ynez Way,,Sacramento,CA,95816,X,
SB21B,C00836320,XB6EB69,EB69,SB21B,ORG,Westin Ingredients,,,,,,910 Broadway Circle,,San Diego,CA,92101,,,2023-04-21,512.63,,Food/Beverages,001,,,,,,,,,,,,"Cobia, Lindsey",1435 Santa Ynez Way,,Sacramento,CA,95816,X,
SB21B,C00836320,EB155,,,IND,,Cobia,Lindsey,,,,1435 Santa Ynez Way,,Sacramento,CA,95816,,,2023-05-22,5340.27,,Travel Expenses,002,,,,,,,,,,,,,,,,,,,
SB21B,C00836320,XB93EB155,EB155,SB21B,ORG,San Francisco Airport Marriott Waterfront,,,,,,1800 Old Bayshore Highway,,Burlingame,CA,94010,,,2023-05-22,878.84,,Travel Expenses,002,,,,,,,,,,,,"Cobia, Lindsey",1435 Santa Ynez Way,,Sacramento,CA,95816,X,
SB21B,C00836320,XB99EB155,EB155,SB21B,ORG,Southwest Airlines,,,,,,2702 Love Field Drive,,Dallas,TX,75235,,,2023-05-22,482.96,,Travel Expenses,002,,,,,,,,,,,,"Cobia, Lindsey",1435 Santa Ynez Way,,Sacramento,CA,95816,X,
SB21B,C00836320,XB94EB155,EB155,SB21B,ORG,The Agrarian Hotel,,,,,,325 E. Branch Street,,Arroyo Grande,CA,93420,,,2023-05-22,659.42,,Travel Expenses,002,,,,,,,,,,,,"Cobia, Lindsey",1435 Santa Ynez Way,,Sacramento,CA,95816,X,
SB21B,C00836320,XB92EB155,EB155,SB21B,ORG,The Darcy,,,,,,1515 Rhode Island Avenue NW,,Washington,DC,20005,,,2023-05-22,1319.52,,Travel Expenses,002,,,,,,,,,,,,"Cobia, Lindsey",1435 Santa Ynez Way,,Sacramento,CA,95816,X,
SB21B,C00836320,XB91EB155,EB155,SB21B,ORG,United Airlines,,,,,,"233 S. Wacker Drive, 28th Floor",,Chicago,IL,60606,,,2023-05-22,1808.70,,Travel Expenses,002,,,,,,,,,,,,"Cobia, Lindsey",1435 Santa Ynez Way,,Sacramento,CA,95816,X,
SB21B,C00836320,EB66,,,ORG,Deane & Company,,,,,,"1700 Tribute Road, Suite 201",,Sacramento,CA,95815,,,2023-04-21,75.00,,Payroll Services,001,,,,,,,,,,,,,,,,,,,
SB21B,C00836320,EB117,,,ORG,Deane & Company,,,,,,"1700 Tribute Road, Suite 201",,Sacramento,CA,95815,,,2023-05-08,75.00,,Payroll Services,001,,,,,,,,,,,,,,,,,,,
SB21B,C00836320,EB151,,,ORG,Deane & Company,,,,,,"1700 Tribute Road, Suite 201",,Sacramento,CA,95815,,,2023-05-16,75.00,,Payroll Services,001,,,,,,,,,,,,,,,,,,,
SB21B,C00836320,EB212,,,ORG,Deane & Company,,,,,,"1700 Tribute Road, Suite 201",,Sacramento,CA,95815,,,2023-06-09,14850.46,,Reporting Services,001,,,,,,,,,,,,,,,,,,,
SB21B,C00836320,EB227,,,ORG,Deane & Company,,,,,,"1700 Tribute Road, Suite 201",,Sacramento,CA,95815,,,2023-06-16,75.00,,Payroll Services,001,,,,,,,,,,,,,,,,,,,
SB21B,C00836320,EB248,,,ORG,Deane & Company,,,,,,"1700 Tribute Road, Suite 201",,Sacramento,CA,95815,,,2023-06-22,75.00,,Payroll Services,001,,,,,,,,,,,,,,,,,,,
SB21B,C00836320,EB113,,,ORG,Employment Development Department (EDD),,,,,,5007 Broadway,,Sacramento,CA,95820,,,2023-04-26,852.03,,Payroll Taxes,001,,,,,,,,,,,,,,,,,,,
SB21B,C00836320,EB112,,,ORG,Employment Development Department (EDD),,,,,,5007 Broadway,,Sacramento,CA,95820,,,2023-04-26,1327.36,,Payroll Taxes,001,,,,,,,,,,,,,,,,,,,
SB21B,C00836320,EB147,,,ORG,Employment Development Department (EDD),,,,,,5007 Broadway,,Sacramento,CA,95820,,,2023-05-10,852.03,,Payroll Taxes,001,,,,,,,,,,,,,,,,,,,
SB21B,C00836320,EB149,,,ORG,Employment Development Department (EDD),,,,,,5007 Broadway,,Sacramento,CA,95820,,,2023-05-15,201.58,,Payroll Taxes,001,,,,,,,,,,,,,,,,,,,
SB21B,C00836320,EB180,,,ORG,Employment Development Department (EDD),,,,,,5007 Broadway,,Sacramento,CA,95820,,,2023-05-26,852.03,,Payroll Taxes,001,,,,,,,,,,,,,,,,,,,
SB21B,C00836320,EB217,,,ORG,Employment Development Department (EDD),,,,,,5007 Broadway,,Sacramento,CA,95820,,,2023-06-13,852.03,,Payroll Taxes,001,,,,,,,,,,,,,,,,,,,
SB21B,C00836320,EB372,,,ORG,Employment Development Department (EDD),,,,,,5007 Broadway,,Sacramento,CA,95820,,,2023-06-28,852.03,,Payroll Taxes,001,,,,,,,,,,,,,,,,,,,
SB21B,C00836320,EB191,,,ORG,"HSC, Inc.",,,,,,3371 Glendale Blvd.,,Los Angeles,CA,90039,,,2023-06-06,7500.00,,Polling,005,,,,,,,,,,,,,,,,,,,
SB21B,C00836320,EB395,,,ORG,Intuit,,,,,,2636 Marine Way,,Mountain View,CA,94043,,,2023-04-26,6251.72,,Payroll,001,,,,,,,,,,,,,,,,,,,
SB21B,C00836320,XB104EB395,EB395,SB21B,IND,,Cobia,Lindsey,,,,1435 Santa Ynez Way,,Sacramento,CA,95816,,,2023-04-26,6249.97,,Payroll,001,,,,,,,,,,,,Intuit,2636 Marine Way,,Mountain View,CA,94043,X,
SB21B,C00836320,EB148,,,ORG,Intuit,,,,,,2636 Marine Way,,Mountain View,CA,94043,,,2023-05-10,6251.72,,Payroll,001,,,,,,,,,,,,,,,,,,,
SB21B,C00836320,XB90EB148,EB148,SB21B,IND,,Cobia,Lindsey,,,,1435 Santa Ynez Way,,Sacramento,CA,95816,,,2023-05-10,6249.97,,Payroll,001,,,,,,,,,,,,Intuit,2636 Marine Way,,Mountain View,CA,94043,X,
SB21B,C00836320,EB182,,,ORG,Intuit,,,,,,2636 Marine Way,,Mountain View,CA,94043,,,2023-05-26,6251.72,,Payroll,001,,,,,,,,,,,,,,,,,,,
SB21B,C00836320,XB95EB182,EB182,SB21B,IND,,Cobia,Lindsey,,,,1435 Santa Ynez Way,,Sacramento,CA,95816,,,2023-05-26,6249.97,,Payroll,001,,,,,,,,,,,,Intuit,2636 Marine Way,,Mountain View,CA,94043,X,
SB21B,C00836320,EB218,,,ORG,Intuit,,,,,,2636 Marine Way,,Mountain View,CA,94043,,,2023-06-13,6251.72,,Payroll,001,,,,,,,,,,,,,,,,,,,
SB21B,C00836320,XB96EB218,EB218,SB21B,IND,,Cobia,Lindsey,,,,1435 Santa Ynez Way,,Sacramento,CA,95816,,,2023-06-13,6249.97,,Payroll,001,,,,,,,,,,,,Intuit,2636 Marine Way,,Mountain View,CA,94043,X,
SB21B,C00836320,EB373,,,ORG,Intuit,,,,,,2636 Marine Way,,Mountain View,CA,94043,,,2023-06-28,6251.72,,Payroll,001,,,,,,,,,,,,,,,,,,,
SB21B,C00836320,XB97EB373,EB373,SB21B,IND,,Cobia,Lindsey,,,,1435 Santa Ynez Way,,Sacramento,CA,95816,,,2023-06-28,6249.97,,Payroll,001,,,,,,,,,,,,Intuit,2636 Marine Way,,Mountain View,CA,94043,X,
SB21B,C00836320,EB40,,,IND,,Line,Marie,,,,125 Privateer Mall,,Marina Del Ray,CA,90292,,,2023-04-18,1500.00,,Advance and Operations,001,,,,,,,,,,,,,,,,,,,
SB21B,C00836320,EB228,,,ORG,"NetFile, Inc.",,,,,,2707-A Aurora Road,,Mariposa,CA,95338,,,2023-06-16,7500.00,,Reporting Software,001,,,,,,,,,,,,,,,,,,,
SB21B,C00836320,EB116,,,ORG,"Olson Remcho, LLP",,,,,,"555 Capitol Mall, Suite 400",,Sacramento,CA,95814,,,2023-05-08,777.50,,Legal Services,001,,,,,,,,,,,,,,,,,,,
SB21B,C00836320,EB229,,,ORG,"Olson Remcho, LLP",,,,,,"555 Capitol Mall, Suite 400",,Sacramento,CA,95814,,,2023-06-16,550.00,,Legal Services,001,,,,,,,,,,,,,,,,,,,
SB21B,C00836320,EB14,,,IND,,Prizmich,Abigail,,,,309 Santa Ynez Way,,Sacramento,CA,95816,,,2023-04-14,1500.00,,Advance and Operations,001,,,,,,,,,,,,,,,,,,,
SB21B,C00836320,EB39,,,IND,,Prizmich,Abigail,,,,309 Santa Ynez Way,,Sacramento,CA,95816,,,2023-04-18,471.69,,Food/Beverages,001,,,,,,,,,,,,,,,,,,,
SB21B,C00836320,EB38,,,IND,,Prizmich,Abigail,,,,309 Santa Ynez Way,,Sacramento,CA,95816,,,2023-04-18,1821.54,,Travel Expenses,001,,,,,,,,,,,,,,,,,,,
SB21B,C00836320,XB100EB38,EB38,SB21B,ORG,21c Museum Hotel Bentonville,,,,,,200 NE. A Street,,Bentonville,AR,72712,,,2023-04-18,618.00,,Travel Expenses,002,,,,,,,,,,,,"Prizmich, Abigail",309 Santa Ynez Way,,Sacramento,CA,95816,X,
SB21B,C00836320,XB102EB38,EB38,SB21B,ORG,Budget Car Rental,,,,,,"140 Courtland Street, NE",,Atlanta,GA,30303,,,2023-04-18,388.30,,Travel Expenses,002,,,,,,,,,,,,"Prizmich, Abigail",309 Santa Ynez Way,,Sacramento,CA,95816,X,
SB21B,C00836320,XB103EB38,EB38,SB21B,ORG,Embassy Suite Montgomery,,,,,,300 Tallaposa Street,,Montgomery,AL,36104,,,2023-04-18,291.70,,Travel Expenses,002,,,,,,,,,,,,"Prizmich, Abigail",309 Santa Ynez Way,,Sacramento,CA,95816,X,
SB21B,C00836320,XB101EB38,EB38,SB21B,ORG,The Westin Atlanta,,,,,,4736 Best Road,,Atlanta,GA,30337,,,2023-04-18,209.75,,Travel Expenses,002,,,,,,,,,,,,"Prizmich, Abigail",309 Santa Ynez Way,,Sacramento,CA,95816,X,
SB21B,C00836320,EB13,,,ORG,"Sacco & Sacco Insurance Brokers, LLC",,,,,,"101 Parkshore Drive, Suite 260",,Folsom,CA,95630,,,2023-04-14,697.04,,Payroll Insurance,001,,,,,,,,,,,,,,,,,,,
SB21B,C00836320,EB59,,,IND,,Swain,Kathryn,,,,"19528 Ventura Blvd., P.O Box 220",,Tarzana,CA,91356,,,2023-04-21,495.64,,Travel Expenses,002,,,,,,,,,,,,,,,,,,,
SB21B,C00836320,EB61,,,IND,,Swain,Kathryn,,,,"19528 Ventura Blvd., P.O Box 220",,Tarzana,CA,91356,,,2023-04-21,367.50,,Food/Beverages,001,,,,,,,,,,,,,,,,,,,
SB21B,C00836320,EB63,,,IND,,Swain,Kathryn,,,,"19528 Ventura Blvd., P.O Box 220",,Tarzana,CA,91356,,,2023-04-21,98.47,,Office Supplies,001,,,,,,,,,,,,,,,,,,,
SB21B,C00836320,EB4,,,ORG,United States Treasury,,,,,,1500 Pennsylvania Avenue,,Washington,DC,20220,,,2023-04-14,5978.14,,Payroll Taxes,001,,,,,,,,,,,,,,,,,,,
SB21B,C00836320,EB5,,,ORG,United States Treasury,,,,,,1500 Pennsylvania Avenue,,Washington,DC,20220,,,2023-04-14,420.00,,Payroll Taxes,001,,,,,,,,,,,,,,,,,,,
SB21B,C00836320,EB111,,,ORG,United States Treasury,,,,,,1500 Pennsylvania Avenue,,Washington,DC,20220,,,2023-04-26,3663.00,,Payroll Taxes,001,,,,,,,,,,,,,,,,,,,
SB21B,C00836320,EB146,,,ORG,United States Treasury,,,,,,1500 Pennsylvania Avenue,,Washington,DC,20220,,,2023-05-10,3663.00,,Payroll Taxes,001,,,,,,,,,,,,,,,,,,,
SB21B,C00836320,EB179,,,ORG,United States Treasury,,,,,,1500 Pennsylvania Avenue,,Washington,DC,20220,,,2023-05-26,3663.00,,Payroll Taxes,001,,,,,,,,,,,,,,,,,,,
SB21B,C00836320,EB215,,,ORG,United States Treasury,,,,,,1500 Pennsylvania Avenue,,Washington,DC,20220,,,2023-06-13,3663.00,,Payroll Taxes,001,,,,,,,,,,,,,,,,,,,
SB21B,C00836320,EB371,,,ORG,United States Treasury,,,,,,1500 Pennsylvania Avenue,,Washington,DC,20220,,,2023-06-28,3663.00,,Payroll Taxes,001,,,,,,,,,,,,,,,,,,,
