form_type,filer_committee_id_number,transaction_id_number,back_reference_tran_id_number,back_reference_sched_name,entity_type,payee_organization_name,payee_last_name,payee_first_name,payee_middle_name,payee_prefix,payee_suffix,payee_street_1,payee_street_2,payee_city,payee_state,payee_zip_code,election_code,election_other_description,expenditure_date,expenditure_amount,semi_annual_refunded_bundled_amt,expenditure_purpose_descrip,category_code,beneficiary_committee_fec_id,beneficiary_committee_name,beneficiary_candidate_fec_id,beneficiary_candidate_last_name,beneficiary_candidate_first_name,beneficiary_candidate_middle_name,beneficiary_candidate_prefix,beneficiary_candidate_suffix,beneficiary_candidate_office,beneficiary_candidate_state,beneficiary_candidate_district,conduit_name,conduit_street_1,conduit_street_2,conduit_city,conduit_state,conduit_zip_code,memo_code,memo_text_description,reference_to_si_or_sl_system_code_that_identifies_the_account
SB21B,C00416131,500725765,,,ORG,ActBlue Technical Services,,,,,,366 Summer St,,Somerville,MA,021443132,,,2024-06-02,251.29,0.00,Credit Card Processing Fees,,,,,,,,,,,,,,,,,,,,
SB21B,C00416131,500725766,,,ORG,ActBlue Technical Services,,,,,,366 Summer St,,Somerville,MA,021443132,,,2024-06-09,720.37,0.00,Credit Card Processing Fees,,,,,,,,,,,,,,,,,,,,
SB21B,C00416131,500725767,,,ORG,ActBlue Technical Services,,,,,,366 Summer St,,Somerville,MA,021443132,,,2024-06-16,1278.37,0.00,Credit Card Processing Fees,,,,,,,,,,,,,,,,,,,,
SB21B,C00416131,500725768,,,ORG,ActBlue Technical Services,,,,,,366 Summer St,,Somerville,MA,021443132,,,2024-06-23,480.78,0.00,Credit Card Processing Fees,,,,,,,,,,,,,,,,,,,,
SB21B,C00416131,500725769,,,ORG,ActBlue Technical Services,,,,,,366 Summer St,,Somerville,MA,021443132,,,2024-06-30,1014.20,0.00,Credit Card Processing Fees,,,,,,,,,,,,,,,,,,,,
SB21B,C00416131,500725770,,,ORG,BF Direct LLC,,,,,,1932 Penn Ave S,,Minneapolis,MN,554052219,,,2024-06-03,10000.00,0.00,Direct Mail Services,,,,,,,,,,,,,,,,,,,,
SB21B,C00416131,500725771,,,ORG,Campaign Compliance LLC,,,,,,201 W Mitchell St,Pmb 30,Petoskey,MI,497702325,,,2024-06-03,2500.00,0.00,Compliance Services,,,,,,,,,,,,,,,,,,,,
SB21B,C00416131,500725772,,,ORG,Drake Bank,,,,,,60 Plato Blvd E,,Saint Paul,MN,551071827,,,2024-06-03,18.00,0.00,Bank Fees,,,,,,,,,,,,,,,,,,,,
SB21B,C00416131,500725773,,,ORG,Drake Bank,,,,,,60 Plato Blvd E,,Saint Paul,MN,551071827,,,2024-06-03,18.00,0.00,Bank Fees,,,,,,,,,,,,,,,,,,,,
SB21B,C00416131,500725774,,,ORG,Drake Bank,,,,,,60 Plato Blvd E,,Saint Paul,MN,551071827,,,2024-06-04,20.00,0.00,Bank Fees,,,,,,,,,,,,,,,,,,,,
SB21B,C00416131,500725775,,,ORG,Drake Bank,,,,,,60 Plato Blvd E,,Saint Paul,MN,551071827,,,2024-06-10,18.00,0.00,Bank Fees,,,,,,,,,,,,,,,,,,,,
SB21B,C00416131,500725776,,,ORG,Drake Bank,,,,,,60 Plato Blvd E,,Saint Paul,MN,551071827,,,2024-06-24,18.00,0.00,Bank Fees,,,,,,,,,,,,,,,,,,,,
SB21B,C00416131,500725777,,,ORG,Drake Bank,,,,,,60 Plato Blvd E,,Saint Paul,MN,551071827,,,2024-06-27,18.00,0.00,Bank Fees,,,,,,,,,,,,,,,,,,,,
SB21B,C00416131,500725778,,,ORG,Drake Bank,,,,,,60 Plato Blvd E,,Saint Paul,MN,551071827,,,2024-06-28,10.00,0.00,Bank Fees,,,,,,,,,,,,,,,,,,,,
SB21B,C00416131,500725779,,,ORG,Drake Bank,,,,,,60 Plato Blvd E,,Saint Paul,MN,551071827,,,2024-06-28,42.40,0.00,Bank Fees,,,,,,,,,,,,,,,,,,,,
SB21B,C00416131,500725780,,,ORG,Elias Law Group,,,,,,250 Massachusetts Ave NW,Ste 400,Washington,DC,200015825,,,2024-06-03,1357.20,0.00,Legal Fees,,,,,,,,,,,,,,,,,,,,
SB21B,C00416131,500725781,,,ORG,First Bank Merchant Service,,,,,,5565 Glenridge Connector NE,,Atlanta,GA,303421651,,,2024-06-03,373.54,0.00,Credit Card Processing Fees,,,,,,,,,,,,,,,,,,,,
SB21B,C00416131,500725782,,,ORG,Intuit,,,,,,2632 Marine Way,,Mountain View,CA,940431126,,,2024-06-07,60.00,0.00,Computer Software,,,,,,,,,,,,,,,,,,,,
SB21B,C00416131,500725783,,,ORG,"NGP VAN, Inc.",,,,,,PO Box 392264,,Pittsburgh,PA,152519264,,,2024-06-02,4240.00,0.00,Database Services,,,,,,,,,,,,,,,,,,,,
SB21B,C00416131,500725784,,,ORG,RWT Production LLC,,,,,,8932 Orange Hunt Ln,,Annandale,VA,220034125,,,2024-06-03,18318.04,0.00,Direct Mail,,,,,,,,,,,,,,,,,,,,
SB21B,C00416131,500725785,,,ORG,USPS,,,,,,100 S 1St St,,Minneapolis,MN,554012002,,,2024-06-04,26.35,0.00,Postage,,,,,,,,,,,,,,,,,,,,
SB21B,C00416131,500725786,,,ORG,USPS,,,,,,100 S 1St St,,Minneapolis,MN,554012002,,,2024-06-07,26.35,0.00,Postage,,,,,,,,,,,,,,,,,,,,
SB21B,C00416131,500725787,,,ORG,USPS,,,,,,100 S 1St St,,Minneapolis,MN,554012002,,,2024-06-11,26.35,0.00,Postage,,,,,,,,,,,,,,,,,,,,
SB21B,C00416131,500725788,,,ORG,USPS,,,,,,100 S 1St St,,Minneapolis,MN,554012002,,,2024-06-12,26.35,0.00,Postage,,,,,,,,,,,,,,,,,,,,
SB21B,C00416131,500725789,,,ORG,USPS,,,,,,100 S 1St St,,Minneapolis,MN,554012002,,,2024-06-14,26.35,0.00,Postage,,,,,,,,,,,,,,,,,,,,
SB21B,C00416131,500725790,,,ORG,USPS,,,,,,100 S 1St St,,Minneapolis,MN,554012002,,,2024-06-18,26.35,0.00,Postage,,,,,,,,,,,,,,,,,,,,
SB21B,C00416131,500725791,,,ORG,USPS,,,,,,100 S 1St St,,Minneapolis,MN,554012002,,,2024-06-20,26.35,0.00,Postage,,,,,,,,,,,,,,,,,,,,
SB21B,C00416131,500725792,,,ORG,USPS,,,,,,100 S 1St St,,Minneapolis,MN,554012002,,,2024-06-24,26.35,0.00,Postage,,,,,,,,,,,,,,,,,,,,
SB21B,C00416131,500725793,,,ORG,USPS,,,,,,100 S 1St St,,Minneapolis,MN,554012002,,,2024-06-25,26.35,0.00,Postage,,,,,,,,,,,,,,,,,,,,
SB21B,C00416131,500725794,,,ORG,USPS,,,,,,100 S 1St St,,Minneapolis,MN,554012002,,,2024-06-27,26.35,0.00,Postage,,,,,,,,,,,,,,,,,,,,
SB21B,C00416131,500725795,,,ORG,USPS,,,,,,100 S 1St St,,Minneapolis,MN,554012002,,,2024-06-28,26.35,0.00,Postage,,,,,,,,,,,,,,,,,,,,
SB21B,C00416131,500725796,,,ORG,"Well & Lighthouse, LLC",,,,,,1800 M St NW,Frnt 1,Washington,DC,200365828,,,2024-06-10,9925.06,0.00,Digital Services,,,,,,,,,,,,,,,,,,,,
