form_type,filer_committee_id_number,transaction_id_number,back_reference_tran_id_number,back_reference_sched_name,entity_type,payee_organization_name,payee_last_name,payee_first_name,payee_middle_name,payee_prefix,payee_suffix,payee_street_1,payee_street_2,payee_city,payee_state,payee_zip_code,election_code,election_other_description,expenditure_date,expenditure_amount,semi_annual_refunded_bundled_amt,expenditure_purpose_descrip,category_code,beneficiary_committee_fec_id,beneficiary_committee_name,beneficiary_candidate_fec_id,beneficiary_candidate_last_name,beneficiary_candidate_first_name,beneficiary_candidate_middle_name,beneficiary_candidate_prefix,beneficiary_candidate_suffix,beneficiary_candidate_office,beneficiary_candidate_state,beneficiary_candidate_district,conduit_name,conduit_street_1,conduit_street_2,conduit_city,conduit_state,conduit_zip_code,memo_code,memo_text_description,reference_to_si_or_sl_system_code_that_identifies_the_account
SB21B,C00625566,SB21B.17793,,,ORG,Adobe,,,,,,1221 Peachtree St,,Atlanta ,GA,30361,,,2024-07-24,20.86,,Software License,,,,,,,,,,,,,,,,,,,,
SB21B,C00625566,SB21B.17794,,,ORG,Adobe,,,,,,1221 Peachtree St,,Atlanta ,GA,30361,,,2024-08-01,32.46,,Software License,,,,,,,,,,,,,,,,,,,,
SB21B,C00625566,SB21B.17795,,,ORG,Adobe,,,,,,1221 Peachtree St,,Atlanta ,GA,30361,,,2024-08-26,20.86,,Software License,,,,,,,,,,,,,,,,,,,,
SB21B,C00625566,SB21B.17796,,,ORG,Adobe,,,,,,1221 Peachtree St,,Atlanta ,GA,30361,,,2024-09-03,32.46,,Software License,,,,,,,,,,,,,,,,,,,,
SB21B,C00625566,SB21B.17797,,,ORG,Adobe,,,,,,1221 Peachtree St,,Atlanta ,GA,30361,,,2024-09-24,20.86,,Software License,,,,,,,,,,,,,,,,,,,,
SB21B,C00625566,SB21B.17799,,,ORG,"Allcraft Print, Inc",,,,,,4802 Memphis,,Dallas,TX,75207,,,2024-07-10,3475.91,,Printing Services,,,,,,,,,,,,,,,,,,,,
SB21B,C00625566,SB21B.17800,,,ORG,"Allcraft Print, Inc",,,,,,4802 Memphis,,Dallas,TX,75207,,,2024-09-04,3475.91,,Printing Services,,,,,,,,,,,,,,,,,,,,
SB21B,C00625566,SB21B.17801,,,ORG,"Allcraft Print, Inc",,,,,,4802 Memphis,,Dallas,TX,75207,,,2024-09-11,3790.92,,Printing Services,,,,,,,,,,,,,,,,,,,,
SB21B,C00625566,SB21B.17802,,,ORG,"Allcraft Print, Inc",,,,,,4802 Memphis,,Dallas,TX,75207,,,2024-09-26,3475.91,,Printing Services,,,,,,,,,,,,,,,,,,,,
SB21B,C00625566,SB21B.17803,,,ORG,Amazon,,,,,,410 Terry Ave N,,Seattle,WA,98109,,,2024-07-23,85.56,,General Office Supplies,,,,,,,,,,,,,,,,,,,,
SB21B,C00625566,SB21B.17804,,,ORG,American Airlines,,,,,,619616 DFW Airport,,Dallas,TX,75261,,,2024-07-10,18.00,,Staff Transportation,,,,,,,,,,,,,,,,,,,,
SB21B,C00625566,SB21B.17805,,,ORG,American Airlines,,,,,,619616 DFW Airport,,Dallas,TX,75261,,,2024-07-10,19.00,,Staff Transportation,,,,,,,,,,,,,,,,,,,,
SB21B,C00625566,SB21B.17806,,,ORG,American Airlines,,,,,,619616 DFW Airport,,Dallas,TX,75261,,,2024-07-19,949.60,,Staff Transportation,,,,,,,,,,,,,,,,,,,,
SB21B,C00625566,SB21B.17809,,,ORG,Apple,,,,,,1 Apple Park Way,,Cupertino,CA,95014,,,2024-07-30,97.41,,Software Apps Services,,,,,,,,,,,,,,,,,,,,
SB21B,C00625566,SB21B.17810,,,ORG,Apple,,,,,,1 Apple Park Way,,Cupertino,CA,95014,,,2024-08-05,0.99,,Software Apps Services,,,,,,,,,,,,,,,,,,,,
SB21B,C00625566,SB21B.17811,,,ORG,Apple,,,,,,1 Apple Park Way,,Cupertino,CA,95014,,,2024-08-14,20.56,,Software Apps Services,,,,,,,,,,,,,,,,,,,,
SB21B,C00625566,SB21B.17812,,,ORG,Apple,,,,,,1 Apple Park Way,,Cupertino,CA,95014,,,2024-09-04,0.99,,Software Apps Services,,,,,,,,,,,,,,,,,,,,
SB21B,C00625566,SB21B.17813,,,ORG,Apple,,,,,,1 Apple Park Way,,Cupertino,CA,95014,,,2024-09-16,20.56,,Software Apps Services,,,,,,,,,,,,,,,,,,,,
SB21B,C00625566,SB21B.17706,,,ORG,Borromeo Consulting,,,,,,737 S Lemay Ave,Ste B4,Fort Collins,CO,80524,,,2024-07-15,42950.00,,PAC Management and Consulting,,,,,,,,,,,,,,,,,,,,
SB21B,C00625566,SB21B.17708,,,ORG,Borromeo Consulting,,,,,,737 S Lemay Ave,Ste B4,Fort Collins,CO,80524,,,2024-08-15,28800.00,,PAC Management and Consulting,,,,,,,,,,,,,,,,,,,,
SB21B,C00625566,SB21B.17709,,,ORG,Borromeo Consulting,,,,,,737 S Lemay Ave,Ste B4,Fort Collins,CO,80524,,,2024-09-16,66000.00,,PAC Management and Consulting,,,,,,,,,,,,,,,,,,,,
SB21B,C00625566,SB21B.17820,,,ORG,Constant Contact,,,,,,1601 Trapelo Road,,Waltham,MA,02451,,,2024-07-08,86.35,,Email Management Software,,,,,,,,,,,,,,,,,,,,
SB21B,C00625566,SB21B.17821,,,ORG,Constant Contact,,,,,,1601 Trapelo Road,,Waltham,MA,02451,,,2024-08-06,86.35,,Email Management Software,,,,,,,,,,,,,,,,,,,,
SB21B,C00625566,SB21B.17822,,,ORG,Constant Contact,,,,,,1601 Trapelo Road,,Waltham,MA,02451,,,2024-09-06,93.80,,Email Management Software,,,,,,,,,,,,,,,,,,,,
SB21B,C00625566,SB21B.17823,,,ORG,Crystal Gardens,,,,,,2775 Iris Ave,,Boulder,CO,80304,,,2024-07-29,600.00,,PAC Storage Rent,,,,,,,,,,,,,,,,,,,,
SB21B,C00625566,SB21B.17824,,,ORG,Crystal Gardens,,,,,,2775 Iris Ave,,Boulder,CO,80304,,,2024-08-27,600.00,,PAC Storage Rent,,,,,,,,,,,,,,,,,,,,
SB21B,C00625566,SB21B.17825,,,ORG,Crystal Gardens,,,,,,2775 Iris Ave,,Boulder,CO,80304,,,2024-09-27,600.00,,PAC Storage Rent,,,,,,,,,,,,,,,,,,,,
SB21B,C00625566,SB21B.17827,,,ORG,Dallas Country Club,,,,,,4155 Mockingbird Ln,,Dallas,TX,75205,,,2024-09-17,1705.25,,PAC Food and Beverage,,,,,,,,,,,,,,,,,,,,
SB21B,C00625566,SB21B.17828,,,ORG,Delta Airlines,,,,,,1030 Delta Blvd,,Atlanta,GA,30354,,,2024-09-18,423.47,,Staff Transportation,,,,,,,,,,,,,,,,,,,,
SB21B,C00625566,SB21B.17832,,,ORG,Federal Express,,,,,,3875 Airways Module H3,Dept 463,Memphis,TN,38132,,,2024-09-03,449.27,,Shipping and Printing Services,,,,,,,,,,,,,,,,,,,,
SB21B,C00625566,SB21B.17833,,,ORG,Frontier Airlines,,,,,,7001 Tower Rd,,Denver,CO,80249,,,2024-07-01,15.11,,Staff Transportation,,,,,,,,,,,,,,,,,,,,
SB21B,C00625566,SB21B.17834,,,ORG,Frontier Airlines,,,,,,7001 Tower Rd,,Denver,CO,80249,,,2024-07-05,599.00,,Staff Transportation,,,,,,,,,,,,,,,,,,,,
SB21B,C00625566,SB21B.17835,,,ORG,Frontier Airlines,,,,,,7001 Tower Rd,,Denver,CO,80249,,,2024-07-09,15.11,,Staff Transportation,,,,,,,,,,,,,,,,,,,,
SB21B,C00625566,SB21B.17836,,,ORG,Frontier Airlines,,,,,,7001 Tower Rd,,Denver,CO,80249,,,2024-07-09,15.11,,Staff Transportation,,,,,,,,,,,,,,,,,,,,
SB21B,C00625566,SB21B.17837,,,ORG,Frontier Airlines,,,,,,7001 Tower Rd,,Denver,CO,80249,,,2024-07-17,47.96,,Staff Transportation,,,,,,,,,,,,,,,,,,,,
SB21B,C00625566,SB21B.17838,,,ORG,Frontier Airlines,,,,,,7001 Tower Rd,,Denver,CO,80249,,,2024-07-17,63.98,,Staff Transportation,,,,,,,,,,,,,,,,,,,,
SB21B,C00625566,SB21B.17839,,,ORG,Frontier Airlines,,,,,,7001 Tower Rd,,Denver,CO,80249,,,2024-07-17,24.61,,Staff Transportation,,,,,,,,,,,,,,,,,,,,
SB21B,C00625566,SB21B.17840,,,ORG,Frontier Airlines,,,,,,7001 Tower Rd,,Denver,CO,80249,,,2024-07-29,59.99,,Staff Transportation,,,,,,,,,,,,,,,,,,,,
SB21B,C00625566,SB21B.17841,,,ORG,Frontier Airlines,,,,,,7001 Tower Rd,,Denver,CO,80249,,,2024-07-31,15.11,,Staff Transportation,,,,,,,,,,,,,,,,,,,,
SB21B,C00625566,SB21B.17842,,,ORG,Frontier Airlines,,,,,,7001 Tower Rd,,Denver,CO,80249,,,2024-08-05,15.11,,Staff Transportation,,,,,,,,,,,,,,,,,,,,
SB21B,C00625566,SB21B.17843,,,ORG,Frontier Airlines,,,,,,7001 Tower Rd,,Denver,CO,80249,,,2024-08-14,15.11,,Staff Transportation,,,,,,,,,,,,,,,,,,,,
SB21B,C00625566,SB21B.17844,,,ORG,Frontier Airlines,,,,,,7001 Tower Rd,,Denver,CO,80249,,,2024-08-14,24.61,,Staff Transportation,,,,,,,,,,,,,,,,,,,,
SB21B,C00625566,SB21B.17845,,,ORG,Frontier Airlines,,,,,,7001 Tower Rd,,Denver,CO,80249,,,2024-08-21,15.11,,Staff Transportation,,,,,,,,,,,,,,,,,,,,
SB21B,C00625566,SB21B.17846,,,ORG,Frontier Airlines,,,,,,7001 Tower Rd,,Denver,CO,80249,,,2024-08-27,15.11,,Staff Transportation,,,,,,,,,,,,,,,,,,,,
SB21B,C00625566,SB21B.17847,,,ORG,Frontier Airlines,,,,,,7001 Tower Rd,,Denver,CO,80249,,,2024-08-28,24.61,,Staff Transportation,,,,,,,,,,,,,,,,,,,,
SB21B,C00625566,SB21B.17848,,,ORG,Frontier Airlines,,,,,,7001 Tower Rd,,Denver,CO,80249,,,2024-09-04,15.11,,Staff Transportation,,,,,,,,,,,,,,,,,,,,
SB21B,C00625566,SB21B.17849,,,ORG,Frontier Airlines,,,,,,7001 Tower Rd,,Denver,CO,80249,,,2024-09-09,15.11,,Staff Transportation,,,,,,,,,,,,,,,,,,,,
SB21B,C00625566,SB21B.17850,,,ORG,Frontier Airlines,,,,,,7001 Tower Rd,,Denver,CO,80249,,,2024-09-10,15.11,,Staff Transportation,,,,,,,,,,,,,,,,,,,,
SB21B,C00625566,SB21B.17851,,,ORG,Frontier Airlines,,,,,,7001 Tower Rd,,Denver,CO,80249,,,2024-09-11,138.98,,Staff Transportation,,,,,,,,,,,,,,,,,,,,
SB21B,C00625566,SB21B.17852,,,ORG,Frontier Airlines,,,,,,7001 Tower Rd,,Denver,CO,80249,,,2024-09-12,15.11,,Staff Transportation,,,,,,,,,,,,,,,,,,,,
SB21B,C00625566,SB21B.17853,,,ORG,Frontier Airlines,,,,,,7001 Tower Rd,,Denver,CO,80249,,,2024-09-18,1044.83,,Staff Transportation,,,,,,,,,,,,,,,,,,,,
SB21B,C00625566,SB21B.17854,,,ORG,Frontier Airlines,,,,,,7001 Tower Rd,,Denver,CO,80249,,,2024-09-23,15.11,,Staff Transportation,,,,,,,,,,,,,,,,,,,,
SB21B,C00625566,SB21B.17855,,,ORG,Frontier Airlines,,,,,,7001 Tower Rd,,Denver,CO,80249,,,2024-09-24,15.11,,Staff Transportation,,,,,,,,,,,,,,,,,,,,
SB21B,C00625566,SB21B.17856,,,ORG,Google,,,,,,1600 Amphitheatre Parkway,,Mountain View,CA,94043,,,2024-07-01,5.39,,App Services,,,,,,,,,,,,,,,,,,,,
SB21B,C00625566,SB21B.17857,,,ORG,Google,,,,,,1600 Amphitheatre Parkway,,Mountain View,CA,94043,,,2024-07-02,92.10,,App Services,,,,,,,,,,,,,,,,,,,,
SB21B,C00625566,SB21B.17858,,,ORG,Google,,,,,,1600 Amphitheatre Parkway,,Mountain View,CA,94043,,,2024-07-30,5.39,,App Services,,,,,,,,,,,,,,,,,,,,
SB21B,C00625566,SB21B.17859,,,ORG,Google,,,,,,1600 Amphitheatre Parkway,,Mountain View,CA,94043,,,2024-08-02,92.10,,App Services,,,,,,,,,,,,,,,,,,,,
SB21B,C00625566,SB21B.17860,,,ORG,Google,,,,,,1600 Amphitheatre Parkway,,Mountain View,CA,94043,,,2024-08-30,5.39,,App Services,,,,,,,,,,,,,,,,,,,,
SB21B,C00625566,SB21B.17861,,,ORG,Google,,,,,,1600 Amphitheatre Parkway,,Mountain View,CA,94043,,,2024-09-03,92.10,,App Services,,,,,,,,,,,,,,,,,,,,
SB21B,C00625566,SB21B.17862,,,ORG,Google,,,,,,1600 Amphitheatre Parkway,,Mountain View,CA,94043,,,2024-09-30,5.39,,App Services,,,,,,,,,,,,,,,,,,,,
SB21B,C00625566,SB21B.17863,,,ORG,Grasshopper,,,,,,105 Old US Hwy 81,,Moundridge,KS,67107,,,2024-07-15,66.49,,Telecom Services,,,,,,,,,,,,,,,,,,,,
SB21B,C00625566,SB21B.17864,,,ORG,Grasshopper,,,,,,105 Old US Hwy 81,,Moundridge,KS,67107,,,2024-08-13,66.60,,Telecom Services,,,,,,,,,,,,,,,,,,,,
SB21B,C00625566,SB21B.17865,,,ORG,Grasshopper,,,,,,105 Old US Hwy 81,,Moundridge,KS,67107,,,2024-09-13,65.87,,Telecom Services,,,,,,,,,,,,,,,,,,,,
SB21B,C00625566,SB21B.17866,,,ORG,Groome Transportation,,,,,,2289 Dabney Rd,,Richmond,VA,23230,,,2024-07-03,29.00,,Staff Transportation,,,,,,,,,,,,,,,,,,,,
SB21B,C00625566,SB21B.17867,,,ORG,Groome Transportation,,,,,,2289 Dabney Rd,,Richmond,VA,23230,,,2024-07-22,29.00,,Staff Transportation,,,,,,,,,,,,,,,,,,,,
SB21B,C00625566,SB21B.17868,,,ORG,Groome Transportation,,,,,,2289 Dabney Rd,,Richmond,VA,23230,,,2024-08-22,29.00,,Staff Transportation,,,,,,,,,,,,,,,,,,,,
SB21B,C00625566,SB21B.17869,,,ORG,Groome Transportation,,,,,,2289 Dabney Rd,,Richmond,VA,23230,,,2024-09-11,34.00,,Staff Transportation,,,,,,,,,,,,,,,,,,,,
SB21B,C00625566,SB21B.17870,,,ORG,Groome Transportation,,,,,,2289 Dabney Rd,,Richmond,VA,23230,,,2024-09-19,32.00,,Staff Transportation,,,,,,,,,,,,,,,,,,,,
SB21B,C00625566,SB21B.17871,,,ORG,Henry Meds,,,,,,580 California St,,San Francisco,CA,94104,,,2024-07-09,297.00,,Insurance,,,,,,,,,,,,,,,,,,,,
SB21B,C00625566,SB21B.17872,,,ORG,Henry Meds,,,,,,580 California St,,San Francisco,CA,94104,,,2024-08-14,297.00,,Insurance,,,,,,,,,,,,,,,,,,,,
SB21B,C00625566,SB21B.17873,,,ORG,Henry Meds,,,,,,580 California St,,San Francisco,CA,94104,,,2024-09-09,297.00,,Insurance,,,,,,,,,,,,,,,,,,,,
SB21B,C00625566,SB21B.17874,,,ORG,Hiscox Inc,,,,,,14643 N Dallas Pkwy Ste 450,,Dallas,TX,75254,,,2024-07-01,51.56,,Insurance,,,,,,,,,,,,,,,,,,,,
SB21B,C00625566,SB21B.17875,,,ORG,Hiscox Inc,,,,,,14643 N Dallas Pkwy Ste 450,,Dallas,TX,75254,,,2024-07-31,51.56,,Insurance,,,,,,,,,,,,,,,,,,,,
SB21B,C00625566,SB21B.17876,,,ORG,Hiscox Inc,,,,,,14643 N Dallas Pkwy Ste 450,,Dallas,TX,75254,,,2024-09-03,51.62,,Insurance,,,,,,,,,,,,,,,,,,,,
SB21B,C00625566,SB21B.17877,,,ORG,Houston Chronicle,,,,,,4747 Southwest Fwy,,Houston,TX,77027,,,2024-07-12,29.99,,Periodical Services,,,,,,,,,,,,,,,,,,,,
SB21B,C00625566,SB21B.17878,,,ORG,Houston Chronicle,,,,,,4747 Southwest Fwy,,Houston,TX,77027,,,2024-08-13,29.99,,Periodical Services,,,,,,,,,,,,,,,,,,,,
SB21B,C00625566,SB21B.17879,,,ORG,Houston Chronicle,,,,,,4747 Southwest Fwy,,Houston,TX,77027,,,2024-09-12,29.99,,Periodical Services,,,,,,,,,,,,,,,,,,,,
SB21B,C00625566,SB21B.17881,,,ORG,iPostal1,,,,,,400 Rella Blvd,Ste 123,Montebello,NY,10901,,,2024-07-01,44.99,,Postal Services,,,,,,,,,,,,,,,,,,,,
SB21B,C00625566,SB21B.17882,,,ORG,iPostal1,,,,,,400 Rella Blvd,Ste 123,Montebello,NY,10901,,,2024-07-01,7.70,,Postal Services,,,,,,,,,,,,,,,,,,,,
SB21B,C00625566,SB21B.17883,,,ORG,iPostal1,,,,,,400 Rella Blvd,Ste 123,Montebello,NY,10901,,,2024-07-08,12.10,,Postal Services,,,,,,,,,,,,,,,,,,,,
SB21B,C00625566,SB21B.17884,,,ORG,iPostal1,,,,,,400 Rella Blvd,Ste 123,Montebello,NY,10901,,,2024-07-15,14.30,,Postal Services,,,,,,,,,,,,,,,,,,,,
SB21B,C00625566,SB21B.17885,,,ORG,iPostal1,,,,,,400 Rella Blvd,Ste 123,Montebello,NY,10901,,,2024-07-22,4.40,,Postal Services,,,,,,,,,,,,,,,,,,,,
SB21B,C00625566,SB21B.17886,,,ORG,iPostal1,,,,,,400 Rella Blvd,Ste 123,Montebello,NY,10901,,,2024-07-23,1.00,,Postal Services,,,,,,,,,,,,,,,,,,,,
SB21B,C00625566,SB21B.17887,,,ORG,iPostal1,,,,,,400 Rella Blvd,Ste 123,Montebello,NY,10901,,,2024-07-29,44.99,,Postal Services,,,,,,,,,,,,,,,,,,,,
SB21B,C00625566,SB21B.17888,,,ORG,iPostal1,,,,,,400 Rella Blvd,Ste 123,Montebello,NY,10901,,,2024-08-26,1.10,,Postal Services,,,,,,,,,,,,,,,,,,,,
SB21B,C00625566,SB21B.17889,,,ORG,iPostal1,,,,,,400 Rella Blvd,Ste 123,Montebello,NY,10901,,,2024-08-29,44.99,,Postal Services,,,,,,,,,,,,,,,,,,,,
SB21B,C00625566,SB21B.17890,,,ORG,iPostal1,,,,,,400 Rella Blvd,Ste 123,Montebello,NY,10901,,,2024-09-09,1.10,,Postal Services,,,,,,,,,,,,,,,,,,,,
SB21B,C00625566,SB21B.17891,,,ORG,iPostal1,,,,,,400 Rella Blvd,Ste 123,Montebello,NY,10901,,,2024-09-23,1.10,,Postal Services,,,,,,,,,,,,,,,,,,,,
SB21B,C00625566,SB21B.17892,,,ORG,iPostal1,,,,,,400 Rella Blvd,Ste 123,Montebello,NY,10901,,,2024-09-30,44.99,,Postal Services,,,,,,,,,,,,,,,,,,,,
SB21B,C00625566,SB21B.17893,,,ORG,iPostal1,,,,,,400 Rella Blvd,Ste 123,Montebello,NY,10901,,,2024-09-30,1.10,,Postal Services,,,,,,,,,,,,,,,,,,,,
SB21B,C00625566,SB21B.17711,,,ORG,Kindful,,,,,,12 Cadillac Dr Ste 480,,Brentwood,TN,37027,,,2024-07-31,331.70,,Merchant Fees,,,,,,,,,,,,,,,,,,,,
SB21B,C00625566,SB21B.17712,,,ORG,Kindful,,,,,,12 Cadillac Dr Ste 480,,Brentwood,TN,37027,,,2024-08-31,331.70,,Merchant Fees,,,,,,,,,,,,,,,,,,,,
SB21B,C00625566,SB21B.17713,,,ORG,Kindful,,,,,,12 Cadillac Dr Ste 480,,Brentwood,TN,37027,,,2024-09-30,331.70,,Merchant Fees,,,,,,,,,,,,,,,,,,,,
SB21B,C00625566,SB21B.17896,,,ORG,Lyft,,,,,,185 BERRY STREET,,San Francisco,CA,94107,,,2024-07-09,19.99,,Staff Transportation,,,,,,,,,,,,,,,,,,,,
SB21B,C00625566,SB21B.17897,,,ORG,Lyft,,,,,,185 BERRY STREET,,San Francisco,CA,94107,,,2024-07-10,13.94,,Staff Transportation,,,,,,,,,,,,,,,,,,,,
SB21B,C00625566,SB21B.17898,,,ORG,Lyft,,,,,,185 BERRY STREET,,San Francisco,CA,94107,,,2024-08-06,34.62,,Staff Transportation,,,,,,,,,,,,,,,,,,,,
SB21B,C00625566,SB21B.17899,,,ORG,Lyft,,,,,,185 BERRY STREET,,San Francisco,CA,94107,,,2024-08-06,21.74,,Staff Transportation,,,,,,,,,,,,,,,,,,,,
SB21B,C00625566,SB21B.17900,,,ORG,Lyft,,,,,,185 BERRY STREET,,San Francisco,CA,94107,,,2024-08-08,25.23,,Staff Transportation,,,,,,,,,,,,,,,,,,,,
SB21B,C00625566,SB21B.17901,,,ORG,Lyft,,,,,,185 BERRY STREET,,San Francisco,CA,94107,,,2024-08-08,23.87,,Staff Transportation,,,,,,,,,,,,,,,,,,,,
SB21B,C00625566,SB21B.17902,,,ORG,Lyft,,,,,,185 BERRY STREET,,San Francisco,CA,94107,,,2024-09-16,21.52,,Staff Transportation,,,,,,,,,,,,,,,,,,,,
SB21B,C00625566,SB21B.17904,,,ORG,Magnificat,,,,,,86 Main St Ste 303,,Yonkers,NY,10701,,,2024-09-18,427.00,,Books,,,,,,,,,,,,,,,,,,,,
SB21B,C00625566,SB21B.17905,,,ORG,Mailchimp,,,,,,675 Ponce De Leon Ave NE E178,,Atlanta,GA,30308,,,2024-07-09,77.29,,Email Management Software,,,,,,,,,,,,,,,,,,,,
SB21B,C00625566,SB21B.17906,,,ORG,Mailchimp,,,,,,675 Ponce De Leon Ave NE E178,,Atlanta,GA,30308,,,2024-07-22,479.70,,Email Management Software,,,,,,,,,,,,,,,,,,,,
SB21B,C00625566,SB21B.17907,,,ORG,Mailchimp,,,,,,675 Ponce De Leon Ave NE E178,,Atlanta,GA,30308,,,2024-08-09,77.29,,Email Management Software,,,,,,,,,,,,,,,,,,,,
SB21B,C00625566,SB21B.17908,,,ORG,Mailchimp,,,,,,675 Ponce De Leon Ave NE E178,,Atlanta,GA,30308,,,2024-08-21,479.70,,Email Management Software,,,,,,,,,,,,,,,,,,,,
SB21B,C00625566,SB21B.17909,,,ORG,Mailchimp,,,,,,675 Ponce De Leon Ave NE E178,,Atlanta,GA,30308,,,2024-09-09,77.29,,Email Management Software,,,,,,,,,,,,,,,,,,,,
SB21B,C00625566,SB21B.17910,,,ORG,Mailchimp,,,,,,675 Ponce De Leon Ave NE E178,,Atlanta,GA,30308,,,2024-09-23,479.70,,Email Management Software,,,,,,,,,,,,,,,,,,,,
SB21B,C00625566,SB21B.17913,,,ORG,Meijer,,,,,,2929 Walker,,Walker,MI,49544,,,2024-08-13,125.29,,Staff Travel Meal Groceries,,,,,,,,,,,,,,,,,,,,
SB21B,C00625566,SB21B.17914,,,ORG,Meijer,,,,,,2929 Walker,,Walker,MI,49544,,,2024-08-21,58.95,,Staff Travel Meal Groceries,,,,,,,,,,,,,,,,,,,,
SB21B,C00625566,SB21B.17915,,,ORG,Meijer,,,,,,2929 Walker,,Walker,MI,49544,,,2024-08-23,77.59,,Staff Travel Meal Groceries,,,,,,,,,,,,,,,,,,,,
SB21B,C00625566,SB21B.17916,,,ORG,Meijer,,,,,,2929 Walker,,Walker,MI,49544,,,2024-09-17,104.64,,Staff Travel Meal Groceries,,,,,,,,,,,,,,,,,,,,
SB21B,C00625566,SB21B.17917,,,ORG,Microsoft,,,,,,One Microsoft Way,,Redmond,WA,98052,,,2024-08-14,108.24,,Software License,,,,,,,,,,,,,,,,,,,,
SB21B,C00625566,SB21B.17918,,,ORG,Office Max/Office Depot,,,,,,6600 North Military Tr,,Boca Raton,FL,33449,,,2024-07-01,64.93,,General Office Supplies,,,,,,,,,,,,,,,,,,,,
SB21B,C00625566,SB21B.17919,,,ORG,Office Max/Office Depot,,,,,,6600 North Military Tr,,Boca Raton,FL,33449,,,2024-07-08,324.69,,General Office Supplies,,,,,,,,,,,,,,,,,,,,
SB21B,C00625566,SB21B.17920,,,ORG,Office Max/Office Depot,,,,,,6600 North Military Tr,,Boca Raton,FL,33449,,,2024-07-08,12.14,,General Office Supplies,,,,,,,,,,,,,,,,,,,,
SB21B,C00625566,SB21B.17921,,,ORG,Office Max/Office Depot,,,,,,6600 North Military Tr,,Boca Raton,FL,33449,,,2024-07-08,73.00,,General Office Supplies,,,,,,,,,,,,,,,,,,,,
SB21B,C00625566,SB21B.17922,,,ORG,Office Max/Office Depot,,,,,,6600 North Military Tr,,Boca Raton,FL,33449,,,2024-07-08,43.29,,General Office Supplies,,,,,,,,,,,,,,,,,,,,
SB21B,C00625566,SB21B.17923,,,ORG,Office Max/Office Depot,,,,,,6600 North Military Tr,,Boca Raton,FL,33449,,,2024-07-15,42.39,,General Office Supplies,,,,,,,,,,,,,,,,,,,,
SB21B,C00625566,SB21B.17924,,,ORG,Office Max/Office Depot,,,,,,6600 North Military Tr,,Boca Raton,FL,33449,,,2024-07-19,162.33,,General Office Supplies,,,,,,,,,,,,,,,,,,,,
SB21B,C00625566,SB21B.17925,,,ORG,Office Max/Office Depot,,,,,,6600 North Military Tr,,Boca Raton,FL,33449,,,2024-07-19,34.63,,General Office Supplies,,,,,,,,,,,,,,,,,,,,
SB21B,C00625566,SB21B.17926,,,ORG,Office Max/Office Depot,,,,,,6600 North Military Tr,,Boca Raton,FL,33449,,,2024-07-22,203.47,,General Office Supplies,,,,,,,,,,,,,,,,,,,,
SB21B,C00625566,SB21B.17927,,,ORG,Office Max/Office Depot,,,,,,6600 North Military Tr,,Boca Raton,FL,33449,,,2024-07-25,34.63,,General Office Supplies,,,,,,,,,,,,,,,,,,,,
SB21B,C00625566,SB21B.17928,,,ORG,Office Max/Office Depot,,,,,,6600 North Military Tr,,Boca Raton,FL,33449,,,2024-08-01,72.57,,General Office Supplies,,,,,,,,,,,,,,,,,,,,
SB21B,C00625566,SB21B.17929,,,ORG,Office Max/Office Depot,,,,,,6600 North Military Tr,,Boca Raton,FL,33449,,,2024-08-05,43.29,,General Office Supplies,,,,,,,,,,,,,,,,,,,,
SB21B,C00625566,SB21B.17930,,,ORG,Office Max/Office Depot,,,,,,6600 North Military Tr,,Boca Raton,FL,33449,,,2024-08-07,34.63,,General Office Supplies,,,,,,,,,,,,,,,,,,,,
SB21B,C00625566,SB21B.17931,,,ORG,Office Max/Office Depot,,,,,,6600 North Military Tr,,Boca Raton,FL,33449,,,2024-08-07,164.50,,General Office Supplies,,,,,,,,,,,,,,,,,,,,
SB21B,C00625566,SB21B.17932,,,ORG,Office Max/Office Depot,,,,,,6600 North Military Tr,,Boca Raton,FL,33449,,,2024-08-12,129.00,,General Office Supplies,,,,,,,,,,,,,,,,,,,,
SB21B,C00625566,SB21B.17933,,,ORG,Office Max/Office Depot,,,,,,6600 North Military Tr,,Boca Raton,FL,33449,,,2024-08-19,216.89,,General Office Supplies,,,,,,,,,,,,,,,,,,,,
SB21B,C00625566,SB21B.17934,,,ORG,Office Max/Office Depot,,,,,,6600 North Military Tr,,Boca Raton,FL,33449,,,2024-09-03,292.00,,General Office Supplies,,,,,,,,,,,,,,,,,,,,
SB21B,C00625566,SB21B.17935,,,ORG,Office Max/Office Depot,,,,,,6600 North Military Tr,,Boca Raton,FL,33449,,,2024-09-03,64.93,,General Office Supplies,,,,,,,,,,,,,,,,,,,,
SB21B,C00625566,SB21B.17936,,,ORG,Office Max/Office Depot,,,,,,6600 North Military Tr,,Boca Raton,FL,33449,,,2024-09-09,156.00,,General Office Supplies,,,,,,,,,,,,,,,,,,,,
SB21B,C00625566,SB21B.17937,,,ORG,Office Max/Office Depot,,,,,,6600 North Military Tr,,Boca Raton,FL,33449,,,2024-09-09,43.29,,General Office Supplies,,,,,,,,,,,,,,,,,,,,
SB21B,C00625566,SB21B.17938,,,ORG,Office Max/Office Depot,,,,,,6600 North Military Tr,,Boca Raton,FL,33449,,,2024-09-16,50.28,,General Office Supplies,,,,,,,,,,,,,,,,,,,,
SB21B,C00625566,SB21B.17939,,,ORG,Office Max/Office Depot,,,,,,6600 North Military Tr,,Boca Raton,FL,33449,,,2024-09-23,216.89,,General Office Supplies,,,,,,,,,,,,,,,,,,,,
SB21B,C00625566,SB21B.17940,,,ORG,Office Max/Office Depot,,,,,,6600 North Military Tr,,Boca Raton,FL,33449,,,2024-09-30,298.75,,General Office Supplies,,,,,,,,,,,,,,,,,,,,
SB21B,C00625566,SB21B.17941,,,ORG,Office Max/Office Depot,,,,,,6600 North Military Tr,,Boca Raton,FL,33449,,,2024-09-30,71.42,,General Office Supplies,,,,,,,,,,,,,,,,,,,,
SB21B,C00625566,SB21B.17942,,,ORG,Priceline,,,,,,800 Connecticut Ave,,Norwalk,CT,06854,,,2024-07-26,165.98,,Staff Transportation,,,,,,,,,,,,,,,,,,,,
SB21B,C00625566,SB21B.17943,,,ORG,Priceline,,,,,,800 Connecticut Ave,,Norwalk,CT,06854,,,2024-08-05,152.96,,Staff Transportation,,,,,,,,,,,,,,,,,,,,
SB21B,C00625566,SB21B.17944,,,ORG,Priceline,,,,,,800 Connecticut Ave,,Norwalk,CT,06854,,,2024-08-05,109.92,,Staff Transportation,,,,,,,,,,,,,,,,,,,,
SB21B,C00625566,SB21B.17945,,,ORG,Priceline,,,,,,800 Connecticut Ave,,Norwalk,CT,06854,,,2024-09-05,171.83,,Staff Transportation,,,,,,,,,,,,,,,,,,,,
SB21B,C00625566,SB21B.17946,,,ORG,Priceline,,,,,,800 Connecticut Ave,,Norwalk,CT,06854,,,2024-09-12,209.64,,Staff Transportation,,,,,,,,,,,,,,,,,,,,
SB21B,C00625566,SB21B.17953,,,ORG,RightSide Compliance,,,,,,PO Box 341027,,Austin,TX,78734,,,2024-07-02,2500.00,,Compliance Services,,,,,,,,,,,,,,,,,,,,
SB21B,C00625566,SB21B.17954,,,ORG,RightSide Compliance,,,,,,PO Box 341027,,Austin,TX,78734,,,2024-07-31,2500.00,,Compliance Services,,,,,,,,,,,,,,,,,,,,
SB21B,C00625566,SB21B.17955,,,ORG,RightSide Compliance,,,,,,PO Box 341027,,Austin,TX,78734,,,2024-09-03,2500.00,,Compliance Services,,,,,,,,,,,,,,,,,,,,
SB21B,C00625566,SB21B.17957,,,ORG,SimioCloud,,,,,,10155 Westmoor Dr B3 Ste 165,,Westminster,CO,80021,,,2024-09-10,1625.00,,Donor Intelligence Services,,,,,,,,,,,,,,,,,,,,
SB21B,C00625566,SB21B.17958,,,ORG,SimioCloud,,,,,,10155 Westmoor Dr B3 Ste 165,,Westminster,CO,80021,,,2024-09-24,1625.00,,Donor Intelligence Services,,,,,,,,,,,,,,,,,,,,
SB21B,C00625566,SB21B.17959,,,ORG,SiteLyft LLC,,,,,,2914 York Dr,,Lorain,OH,44053,,,2024-07-15,200.00,,Online Media Services,,,,,,,,,,,,,,,,,,,,
SB21B,C00625566,SB21B.17960,,,ORG,SiteLyft LLC,,,,,,2914 York Dr,,Lorain,OH,44053,,,2024-07-15,200.00,,Online Media Services,,,,,,,,,,,,,,,,,,,,
SB21B,C00625566,SB21B.17961,,,ORG,SiteLyft LLC,,,,,,2914 York Dr,,Lorain,OH,44053,,,2024-08-13,200.00,,Online Media Services,,,,,,,,,,,,,,,,,,,,
SB21B,C00625566,SB21B.17962,,,ORG,SiteLyft LLC,,,,,,2914 York Dr,,Lorain,OH,44053,,,2024-08-13,200.00,,Online Media Services,,,,,,,,,,,,,,,,,,,,
SB21B,C00625566,SB21B.17963,,,ORG,SiteLyft LLC,,,,,,2914 York Dr,,Lorain,OH,44053,,,2024-09-13,200.00,,Online Media Services,,,,,,,,,,,,,,,,,,,,
SB21B,C00625566,SB21B.17964,,,ORG,SiteLyft LLC,,,,,,2914 York Dr,,Lorain,OH,44053,,,2024-09-13,200.00,,Online Media Services,,,,,,,,,,,,,,,,,,,,
SB21B,C00625566,SB21B.17965,,,ORG,SiteLyft LLC,,,,,,2914 York Dr,,Lorain,OH,44053,,,2024-09-13,100.00,,Online Media Services,,,,,,,,,,,,,,,,,,,,
SB21B,C00625566,SB21B.17966,,,ORG,Southwest Airlines,,,,,,2702 Love Field Dr,,Dallas,TX,75235,,,2024-09-05,457.96,,Staff Transportation,,,,,,,,,,,,,,,,,,,,
SB21B,C00625566,SB21B.17967,,,ORG,Southwest Airlines,,,,,,2702 Love Field Dr,,Dallas,TX,75235,,,2024-09-12,303.98,,Staff Transportation,,,,,,,,,,,,,,,,,,,,
SB21B,C00625566,SB21B.17968,,,ORG,Southwest Airlines,,,,,,2702 Love Field Dr,,Dallas,TX,75235,,,2024-09-16,303.98,,Staff Transportation,,,,,,,,,,,,,,,,,,,,
SB21B,C00625566,SB21B.17969,,,ORG,Spectrum,,,,,,400 Atlantic St,,Stamford,CT,06901,,,2024-08-06,21000.00,,Production and Printing Services,,,,,,,,,,,,,,,,,,,,
SB21B,C00625566,SB21B.17970,,,ORG,Spectrum,,,,,,400 Atlantic St,,Stamford,CT,06901,,,2024-08-19,9520.43,,Production and Printing Services,,,,,,,,,,,,,,,,,,,,
SB21B,C00625566,SB21B.17971,,,ORG,Spectrum,,,,,,400 Atlantic St,,Stamford,CT,06901,,,2024-09-20,21700.00,,Production and Printing Services,,,,,,,,,,,,,,,,,,,,
SB21B,C00625566,SB21B.17972,,,ORG,Stamps.com,,,,,,1990 E. Grand Ave,,El Segundo,CA,90245,,,2024-07-11,29.99,,Postage Services,,,,,,,,,,,,,,,,,,,,
SB21B,C00625566,SB21B.17973,,,ORG,Stamps.com,,,,,,1990 E. Grand Ave,,El Segundo,CA,90245,,,2024-07-29,56.55,,Postage Services,,,,,,,,,,,,,,,,,,,,
SB21B,C00625566,SB21B.17974,,,ORG,Stamps.com,,,,,,1990 E. Grand Ave,,El Segundo,CA,90245,,,2024-08-12,29.99,,Postage Services,,,,,,,,,,,,,,,,,,,,
SB21B,C00625566,SB21B.17975,,,ORG,Stamps.com,,,,,,1990 E. Grand Ave,,El Segundo,CA,90245,,,2024-09-03,449.99,,Postage Services,,,,,,,,,,,,,,,,,,,,
SB21B,C00625566,SB21B.17976,,,ORG,Stamps.com,,,,,,1990 E. Grand Ave,,El Segundo,CA,90245,,,2024-09-03,65.94,,Postage Services,,,,,,,,,,,,,,,,,,,,
SB21B,C00625566,SB21B.17977,,,ORG,Stamps.com,,,,,,1990 E. Grand Ave,,El Segundo,CA,90245,,,2024-09-03,91.96,,Postage Services,,,,,,,,,,,,,,,,,,,,
SB21B,C00625566,SB21B.17978,,,ORG,Stamps.com,,,,,,1990 E. Grand Ave,,El Segundo,CA,90245,,,2024-09-11,29.99,,Postage Services,,,,,,,,,,,,,,,,,,,,
SB21B,C00625566,SB21B.17979,,,ORG,The Landline Company,,,,,,113 S College Ave,,Fort Collins,CO,80524,,,2024-07-10,35.00,,Staff Transportation,,,,,,,,,,,,,,,,,,,,
SB21B,C00625566,SB21B.17980,,,ORG,The Landline Company,,,,,,113 S College Ave,,Fort Collins,CO,80524,,,2024-07-22,70.00,,Staff Transportation,,,,,,,,,,,,,,,,,,,,
SB21B,C00625566,SB21B.17981,,,ORG,The Landline Company,,,,,,113 S College Ave,,Fort Collins,CO,80524,,,2024-07-29,35.00,,Staff Transportation,,,,,,,,,,,,,,,,,,,,
SB21B,C00625566,SB21B.17982,,,ORG,The Landline Company,,,,,,113 S College Ave,,Fort Collins,CO,80524,,,2024-08-05,35.00,,Staff Transportation,,,,,,,,,,,,,,,,,,,,
SB21B,C00625566,SB21B.17983,,,ORG,The Landline Company,,,,,,113 S College Ave,,Fort Collins,CO,80524,,,2024-08-09,35.00,,Staff Transportation,,,,,,,,,,,,,,,,,,,,
SB21B,C00625566,SB21B.17984,,,ORG,The Landline Company,,,,,,113 S College Ave,,Fort Collins,CO,80524,,,2024-08-09,35.00,,Staff Transportation,,,,,,,,,,,,,,,,,,,,
SB21B,C00625566,SB21B.17985,,,ORG,The Landline Company,,,,,,113 S College Ave,,Fort Collins,CO,80524,,,2024-08-15,35.00,,Staff Transportation,,,,,,,,,,,,,,,,,,,,
SB21B,C00625566,SB21B.17986,,,ORG,The Landline Company,,,,,,113 S College Ave,,Fort Collins,CO,80524,,,2024-08-28,35.00,,Staff Transportation,,,,,,,,,,,,,,,,,,,,
SB21B,C00625566,SB21B.17987,,,ORG,The Landline Company,,,,,,113 S College Ave,,Fort Collins,CO,80524,,,2024-09-04,35.00,,Staff Transportation,,,,,,,,,,,,,,,,,,,,
SB21B,C00625566,SB21B.17988,,,ORG,The Landline Company,,,,,,113 S College Ave,,Fort Collins,CO,80524,,,2024-09-09,35.00,,Staff Transportation,,,,,,,,,,,,,,,,,,,,
SB21B,C00625566,SB21B.17989,,,ORG,The Landline Company,,,,,,113 S College Ave,,Fort Collins,CO,80524,,,2024-09-12,35.00,,Staff Transportation,,,,,,,,,,,,,,,,,,,,
SB21B,C00625566,SB21B.17990,,,ORG,The Landline Company,,,,,,113 S College Ave,,Fort Collins,CO,80524,,,2024-09-25,35.00,,Staff Transportation,,,,,,,,,,,,,,,,,,,,
SB21B,C00625566,SB21B.17993,,,ORG,Uber,,,,,,1455 Market St,,San Francisco,CA,94103,,,2024-07-29,21.99,,Staff Transportation,,,,,,,,,,,,,,,,,,,,
SB21B,C00625566,SB21B.17994,,,ORG,Uber,,,,,,1455 Market St,,San Francisco,CA,94103,,,2024-08-01,29.00,,Staff Transportation,,,,,,,,,,,,,,,,,,,,
SB21B,C00625566,SB21B.17995,,,ORG,Uber,,,,,,1455 Market St,,San Francisco,CA,94103,,,2024-08-05,8.92,,Staff Transportation,,,,,,,,,,,,,,,,,,,,
SB21B,C00625566,SB21B.17996,,,ORG,Uber,,,,,,1455 Market St,,San Francisco,CA,94103,,,2024-08-12,10.84,,Staff Transportation,,,,,,,,,,,,,,,,,,,,
SB21B,C00625566,SB21B.17997,,,ORG,Uber,,,,,,1455 Market St,,San Francisco,CA,94103,,,2024-08-13,30.90,,Staff Transportation,,,,,,,,,,,,,,,,,,,,
SB21B,C00625566,SB21B.17998,,,ORG,Uber,,,,,,1455 Market St,,San Francisco,CA,94103,,,2024-08-19,8.95,,Staff Transportation,,,,,,,,,,,,,,,,,,,,
SB21B,C00625566,SB21B.17999,,,ORG,Uber,,,,,,1455 Market St,,San Francisco,CA,94103,,,2024-08-20,25.64,,Staff Transportation,,,,,,,,,,,,,,,,,,,,
SB21B,C00625566,SB21B.18000,,,ORG,Uber,,,,,,1455 Market St,,San Francisco,CA,94103,,,2024-08-20,5.79,,Staff Transportation,,,,,,,,,,,,,,,,,,,,
SB21B,C00625566,SB21B.18001,,,ORG,Uber,,,,,,1455 Market St,,San Francisco,CA,94103,,,2024-09-03,6.94,,Staff Transportation,,,,,,,,,,,,,,,,,,,,
SB21B,C00625566,SB21B.18002,,,ORG,Uber,,,,,,1455 Market St,,San Francisco,CA,94103,,,2024-09-09,5.71,,Staff Transportation,,,,,,,,,,,,,,,,,,,,
SB21B,C00625566,SB21B.18003,,,ORG,Uber,,,,,,1455 Market St,,San Francisco,CA,94103,,,2024-09-12,7.07,,Staff Transportation,,,,,,,,,,,,,,,,,,,,
SB21B,C00625566,SB21B.18004,,,ORG,Uber,,,,,,1455 Market St,,San Francisco,CA,94103,,,2024-09-13,6.27,,Staff Transportation,,,,,,,,,,,,,,,,,,,,
SB21B,C00625566,SB21B.18005,,,ORG,Uber,,,,,,1455 Market St,,San Francisco,CA,94103,,,2024-09-16,8.08,,Staff Transportation,,,,,,,,,,,,,,,,,,,,
SB21B,C00625566,SB21B.18006,,,ORG,Uber,,,,,,1455 Market St,,San Francisco,CA,94103,,,2024-09-16,5.40,,Staff Transportation,,,,,,,,,,,,,,,,,,,,
SB21B,C00625566,SB21B.18007,,,ORG,Uber,,,,,,1455 Market St,,San Francisco,CA,94103,,,2024-09-16,45.95,,Staff Transportation,,,,,,,,,,,,,,,,,,,,
SB21B,C00625566,SB21B.18008,,,ORG,Uber,,,,,,1455 Market St,,San Francisco,CA,94103,,,2024-09-17,31.59,,Staff Transportation,,,,,,,,,,,,,,,,,,,,
SB21B,C00625566,SB21B.18009,,,ORG,Uber,,,,,,1455 Market St,,San Francisco,CA,94103,,,2024-09-17,32.00,,Staff Transportation,,,,,,,,,,,,,,,,,,,,
SB21B,C00625566,SB21B.18010,,,ORG,Uber,,,,,,1455 Market St,,San Francisco,CA,94103,,,2024-09-23,6.99,,Staff Transportation,,,,,,,,,,,,,,,,,,,,
SB21B,C00625566,SB21B.18011,,,ORG,Uber,,,,,,1455 Market St,,San Francisco,CA,94103,,,2024-09-24,85.26,,Staff Transportation,,,,,,,,,,,,,,,,,,,,
SB21B,C00625566,SB21B.18012,,,ORG,Uber,,,,,,1455 Market St,,San Francisco,CA,94103,,,2024-09-27,11.08,,Staff Transportation,,,,,,,,,,,,,,,,,,,,
SB21B,C00625566,SB21B.18013,,,ORG,Uber,,,,,,1455 Market St,,San Francisco,CA,94103,,,2024-09-30,11.03,,Staff Transportation,,,,,,,,,,,,,,,,,,,,
SB21B,C00625566,SB21B.18014,,,ORG,Uber Eats,,,,,,1455 Market St,,San Francisco,CA,94103,,,2024-07-08,46.44,,Delivery Services,,,,,,,,,,,,,,,,,,,,
SB21B,C00625566,SB21B.18015,,,ORG,Uber Eats,,,,,,1455 Market St,,San Francisco,CA,94103,,,2024-07-15,24.00,,Delivery Services,,,,,,,,,,,,,,,,,,,,
SB21B,C00625566,SB21B.18016,,,ORG,Uber Eats,,,,,,1455 Market St,,San Francisco,CA,94103,,,2024-08-22,17.05,,Delivery Services,,,,,,,,,,,,,,,,,,,,
SB21B,C00625566,SB21B.18017,,,ORG,Uber Eats,,,,,,1455 Market St,,San Francisco,CA,94103,,,2024-08-23,3.30,,Delivery Services,,,,,,,,,,,,,,,,,,,,
SB21B,C00625566,SB21B.18018,,,ORG,Uber Eats,,,,,,1455 Market St,,San Francisco,CA,94103,,,2024-09-16,80.31,,Delivery Services,,,,,,,,,,,,,,,,,,,,
SB21B,C00625566,SB21B.18019,,,ORG,Uber Eats,,,,,,1455 Market St,,San Francisco,CA,94103,,,2024-09-16,70.91,,Delivery Services,,,,,,,,,,,,,,,,,,,,
SB21B,C00625566,SB21B.18022,,,ORG,US Postal Services,,,,,,475 LEnfant Plaza SW,,Washington,DC,20024,,,2024-07-10,400.00,,Mailing and Postage Services,,,,,,,,,,,,,,,,,,,,
SB21B,C00625566,SB21B.18023,,,ORG,US Postal Services,,,,,,475 LEnfant Plaza SW,,Washington,DC,20024,,,2024-07-22,400.00,,Mailing and Postage Services,,,,,,,,,,,,,,,,,,,,
SB21B,C00625566,SB21B.18024,,,ORG,US Postal Services,,,,,,475 LEnfant Plaza SW,,Washington,DC,20024,,,2024-07-22,150.00,,Mailing and Postage Services,,,,,,,,,,,,,,,,,,,,
SB21B,C00625566,SB21B.18025,,,ORG,US Postal Services,,,,,,475 LEnfant Plaza SW,,Washington,DC,20024,,,2024-07-22,150.00,,Mailing and Postage Services,,,,,,,,,,,,,,,,,,,,
SB21B,C00625566,SB21B.18026,,,ORG,US Postal Services,,,,,,475 LEnfant Plaza SW,,Washington,DC,20024,,,2024-07-26,400.00,,Mailing and Postage Services,,,,,,,,,,,,,,,,,,,,
SB21B,C00625566,SB21B.18027,,,ORG,US Postal Services,,,,,,475 LEnfant Plaza SW,,Washington,DC,20024,,,2024-07-26,450.00,,Mailing and Postage Services,,,,,,,,,,,,,,,,,,,,
SB21B,C00625566,SB21B.18028,,,ORG,US Postal Services,,,,,,475 LEnfant Plaza SW,,Washington,DC,20024,,,2024-07-26,470.00,,Mailing and Postage Services,,,,,,,,,,,,,,,,,,,,
SB21B,C00625566,SB21B.18029,,,ORG,US Postal Services,,,,,,475 LEnfant Plaza SW,,Washington,DC,20024,,,2024-07-26,300.00,,Mailing and Postage Services,,,,,,,,,,,,,,,,,,,,
SB21B,C00625566,SB21B.18030,,,ORG,US Postal Services,,,,,,475 LEnfant Plaza SW,,Washington,DC,20024,,,2024-07-26,200.00,,Mailing and Postage Services,,,,,,,,,,,,,,,,,,,,
SB21B,C00625566,SB21B.18031,,,ORG,US Postal Services,,,,,,475 LEnfant Plaza SW,,Washington,DC,20024,,,2024-07-26,50.00,,Mailing and Postage Services,,,,,,,,,,,,,,,,,,,,
SB21B,C00625566,SB21B.18032,,,ORG,US Postal Services,,,,,,475 LEnfant Plaza SW,,Washington,DC,20024,,,2024-07-29,100.00,,Mailing and Postage Services,,,,,,,,,,,,,,,,,,,,
SB21B,C00625566,SB21B.18033,,,ORG,US Postal Services,,,,,,475 LEnfant Plaza SW,,Washington,DC,20024,,,2024-07-29,100.00,,Mailing and Postage Services,,,,,,,,,,,,,,,,,,,,
SB21B,C00625566,SB21B.18034,,,ORG,US Postal Services,,,,,,475 LEnfant Plaza SW,,Washington,DC,20024,,,2024-07-29,400.00,,Mailing and Postage Services,,,,,,,,,,,,,,,,,,,,
SB21B,C00625566,SB21B.18035,,,ORG,US Postal Services,,,,,,475 LEnfant Plaza SW,,Washington,DC,20024,,,2024-07-29,495.00,,Mailing and Postage Services,,,,,,,,,,,,,,,,,,,,
SB21B,C00625566,SB21B.18036,,,ORG,US Postal Services,,,,,,475 LEnfant Plaza SW,,Washington,DC,20024,,,2024-07-29,100.00,,Mailing and Postage Services,,,,,,,,,,,,,,,,,,,,
SB21B,C00625566,SB21B.18037,,,ORG,US Postal Services,,,,,,475 LEnfant Plaza SW,,Washington,DC,20024,,,2024-07-30,100.00,,Mailing and Postage Services,,,,,,,,,,,,,,,,,,,,
SB21B,C00625566,SB21B.18038,,,ORG,US Postal Services,,,,,,475 LEnfant Plaza SW,,Washington,DC,20024,,,2024-07-31,400.00,,Mailing and Postage Services,,,,,,,,,,,,,,,,,,,,
SB21B,C00625566,SB21B.18039,,,ORG,US Postal Services,,,,,,475 LEnfant Plaza SW,,Washington,DC,20024,,,2024-07-31,480.00,,Mailing and Postage Services,,,,,,,,,,,,,,,,,,,,
SB21B,C00625566,SB21B.18040,,,ORG,US Postal Services,,,,,,475 LEnfant Plaza SW,,Washington,DC,20024,,,2024-07-31,450.00,,Mailing and Postage Services,,,,,,,,,,,,,,,,,,,,
SB21B,C00625566,SB21B.18041,,,ORG,US Postal Services,,,,,,475 LEnfant Plaza SW,,Washington,DC,20024,,,2024-07-31,250.00,,Mailing and Postage Services,,,,,,,,,,,,,,,,,,,,
SB21B,C00625566,SB21B.18042,,,ORG,US Postal Services,,,,,,475 LEnfant Plaza SW,,Washington,DC,20024,,,2024-08-02,400.00,,Mailing and Postage Services,,,,,,,,,,,,,,,,,,,,
SB21B,C00625566,SB21B.18043,,,ORG,US Postal Services,,,,,,475 LEnfant Plaza SW,,Washington,DC,20024,,,2024-08-05,400.00,,Mailing and Postage Services,,,,,,,,,,,,,,,,,,,,
SB21B,C00625566,SB21B.18044,,,ORG,US Postal Services,,,,,,475 LEnfant Plaza SW,,Washington,DC,20024,,,2024-08-06,67.87,,Mailing and Postage Services,,,,,,,,,,,,,,,,,,,,
SB21B,C00625566,SB21B.18045,,,ORG,US Postal Services,,,,,,475 LEnfant Plaza SW,,Washington,DC,20024,,,2024-08-06,67.87,,Mailing and Postage Services,,,,,,,,,,,,,,,,,,,,
SB21B,C00625566,SB21B.18046,,,ORG,US Postal Services,,,,,,475 LEnfant Plaza SW,,Washington,DC,20024,,,2024-08-08,700.00,,Mailing and Postage Services,,,,,,,,,,,,,,,,,,,,
SB21B,C00625566,SB21B.18047,,,ORG,US Postal Services,,,,,,475 LEnfant Plaza SW,,Washington,DC,20024,,,2024-08-09,700.00,,Mailing and Postage Services,,,,,,,,,,,,,,,,,,,,
SB21B,C00625566,SB21B.18048,,,ORG,US Postal Services,,,,,,475 LEnfant Plaza SW,,Washington,DC,20024,,,2024-08-09,500.00,,Mailing and Postage Services,,,,,,,,,,,,,,,,,,,,
SB21B,C00625566,SB21B.18049,,,ORG,US Postal Services,,,,,,475 LEnfant Plaza SW,,Washington,DC,20024,,,2024-08-12,300.00,,Mailing and Postage Services,,,,,,,,,,,,,,,,,,,,
SB21B,C00625566,SB21B.18050,,,ORG,US Postal Services,,,,,,475 LEnfant Plaza SW,,Washington,DC,20024,,,2024-08-19,450.00,,Mailing and Postage Services,,,,,,,,,,,,,,,,,,,,
SB21B,C00625566,SB21B.18051,,,ORG,US Postal Services,,,,,,475 LEnfant Plaza SW,,Washington,DC,20024,,,2024-08-19,450.00,,Mailing and Postage Services,,,,,,,,,,,,,,,,,,,,
SB21B,C00625566,SB21B.18052,,,ORG,US Postal Services,,,,,,475 LEnfant Plaza SW,,Washington,DC,20024,,,2024-08-19,250.00,,Mailing and Postage Services,,,,,,,,,,,,,,,,,,,,
SB21B,C00625566,SB21B.18053,,,ORG,US Postal Services,,,,,,475 LEnfant Plaza SW,,Washington,DC,20024,,,2024-08-30,100.00,,Mailing and Postage Services,,,,,,,,,,,,,,,,,,,,
SB21B,C00625566,SB21B.18054,,,ORG,US Postal Services,,,,,,475 LEnfant Plaza SW,,Washington,DC,20024,,,2024-09-06,50.00,,Mailing and Postage Services,,,,,,,,,,,,,,,,,,,,
SB21B,C00625566,SB21B.18055,,,ORG,US Postal Services,,,,,,475 LEnfant Plaza SW,,Washington,DC,20024,,,2024-09-06,50.00,,Mailing and Postage Services,,,,,,,,,,,,,,,,,,,,
SB21B,C00625566,SB21B.18056,,,ORG,US Postal Services,,,,,,475 LEnfant Plaza SW,,Washington,DC,20024,,,2024-09-11,100.00,,Mailing and Postage Services,,,,,,,,,,,,,,,,,,,,
SB21B,C00625566,SB21B.18057,,,ORG,US Postal Services,,,,,,475 LEnfant Plaza SW,,Washington,DC,20024,,,2024-09-11,150.00,,Mailing and Postage Services,,,,,,,,,,,,,,,,,,,,
SB21B,C00625566,SB21B.18058,,,ORG,US Postal Services,,,,,,475 LEnfant Plaza SW,,Washington,DC,20024,,,2024-09-11,150.00,,Mailing and Postage Services,,,,,,,,,,,,,,,,,,,,
SB21B,C00625566,SB21B.18059,,,ORG,US Postal Services,,,,,,475 LEnfant Plaza SW,,Washington,DC,20024,,,2024-09-11,100.00,,Mailing and Postage Services,,,,,,,,,,,,,,,,,,,,
SB21B,C00625566,SB21B.18060,,,ORG,US Postal Services,,,,,,475 LEnfant Plaza SW,,Washington,DC,20024,,,2024-09-11,100.00,,Mailing and Postage Services,,,,,,,,,,,,,,,,,,,,
SB21B,C00625566,SB21B.18061,,,ORG,US Postal Services,,,,,,475 LEnfant Plaza SW,,Washington,DC,20024,,,2024-09-11,100.00,,Mailing and Postage Services,,,,,,,,,,,,,,,,,,,,
SB21B,C00625566,SB21B.18062,,,ORG,US Postal Services,,,,,,475 LEnfant Plaza SW,,Washington,DC,20024,,,2024-09-11,150.00,,Mailing and Postage Services,,,,,,,,,,,,,,,,,,,,
SB21B,C00625566,SB21B.18063,,,ORG,US Postal Services,,,,,,475 LEnfant Plaza SW,,Washington,DC,20024,,,2024-09-13,100.00,,Mailing and Postage Services,,,,,,,,,,,,,,,,,,,,
SB21B,C00625566,SB21B.18064,,,ORG,US Postal Services,,,,,,475 LEnfant Plaza SW,,Washington,DC,20024,,,2024-09-17,150.00,,Mailing and Postage Services,,,,,,,,,,,,,,,,,,,,
SB21B,C00625566,SB21B.18065,,,ORG,US Postal Services,,,,,,475 LEnfant Plaza SW,,Washington,DC,20024,,,2024-09-17,200.00,,Mailing and Postage Services,,,,,,,,,,,,,,,,,,,,
SB21B,C00625566,SB21B.18066,,,ORG,US Postal Services,,,,,,475 LEnfant Plaza SW,,Washington,DC,20024,,,2024-09-17,200.00,,Mailing and Postage Services,,,,,,,,,,,,,,,,,,,,
SB21B,C00625566,SB21B.18067,,,ORG,US Postal Services,,,,,,475 LEnfant Plaza SW,,Washington,DC,20024,,,2024-09-17,150.00,,Mailing and Postage Services,,,,,,,,,,,,,,,,,,,,
SB21B,C00625566,SB21B.18068,,,ORG,US Postal Services,,,,,,475 LEnfant Plaza SW,,Washington,DC,20024,,,2024-09-18,200.00,,Mailing and Postage Services,,,,,,,,,,,,,,,,,,,,
SB21B,C00625566,SB21B.18069,,,ORG,US Postal Services,,,,,,475 LEnfant Plaza SW,,Washington,DC,20024,,,2024-09-18,100.00,,Mailing and Postage Services,,,,,,,,,,,,,,,,,,,,
SB21B,C00625566,SB21B.18070,,,ORG,US Postal Services,,,,,,475 LEnfant Plaza SW,,Washington,DC,20024,,,2024-09-23,150.00,,Mailing and Postage Services,,,,,,,,,,,,,,,,,,,,
SB21B,C00625566,SB21B.18071,,,ORG,US Postal Services,,,,,,475 LEnfant Plaza SW,,Washington,DC,20024,,,2024-09-24,250.00,,Mailing and Postage Services,,,,,,,,,,,,,,,,,,,,
SB21B,C00625566,SB21B.18072,,,ORG,US Postal Services,,,,,,475 LEnfant Plaza SW,,Washington,DC,20024,,,2024-09-24,100.00,,Mailing and Postage Services,,,,,,,,,,,,,,,,,,,,
SB21B,C00625566,SB21B.18073,,,ORG,US Postal Services,,,,,,475 LEnfant Plaza SW,,Washington,DC,20024,,,2024-09-24,50.00,,Mailing and Postage Services,,,,,,,,,,,,,,,,,,,,
SB21B,C00625566,SB21B.18074,,,ORG,US Postal Services,,,,,,475 LEnfant Plaza SW,,Washington,DC,20024,,,2024-09-24,100.00,,Mailing and Postage Services,,,,,,,,,,,,,,,,,,,,
SB21B,C00625566,SB21B.18075,,,ORG,US Postal Services,,,,,,475 LEnfant Plaza SW,,Washington,DC,20024,,,2024-09-24,75.00,,Mailing and Postage Services,,,,,,,,,,,,,,,,,,,,
SB21B,C00625566,SB21B.18076,,,ORG,US Postal Services,,,,,,475 LEnfant Plaza SW,,Washington,DC,20024,,,2024-09-25,150.00,,Mailing and Postage Services,,,,,,,,,,,,,,,,,,,,
SB21B,C00625566,SB21B.18077,,,ORG,US Postal Services,,,,,,475 LEnfant Plaza SW,,Washington,DC,20024,,,2024-09-27,100.00,,Mailing and Postage Services,,,,,,,,,,,,,,,,,,,,
SB21B,C00625566,SB21B.18078,,,ORG,US Postal Services,,,,,,475 LEnfant Plaza SW,,Washington,DC,20024,,,2024-09-27,100.00,,Mailing and Postage Services,,,,,,,,,,,,,,,,,,,,
SB21B,C00625566,SB21B.18079,,,ORG,US Postal Services,,,,,,475 LEnfant Plaza SW,,Washington,DC,20024,,,2024-09-30,150.00,,Mailing and Postage Services,,,,,,,,,,,,,,,,,,,,
SB21B,C00625566,SB21B.18080,,,ORG,US Postal Services,,,,,,475 LEnfant Plaza SW,,Washington,DC,20024,,,2024-09-30,200.00,,Mailing and Postage Services,,,,,,,,,,,,,,,,,,,,
SB21B,C00625566,SB21B.18081,,,ORG,US Postal Services,,,,,,475 LEnfant Plaza SW,,Washington,DC,20024,,,2024-09-30,200.00,,Mailing and Postage Services,,,,,,,,,,,,,,,,,,,,
SB21B,C00625566,SB21B.18082,,,ORG,US Postal Services,,,,,,475 LEnfant Plaza SW,,Washington,DC,20024,,,2024-09-30,100.00,,Mailing and Postage Services,,,,,,,,,,,,,,,,,,,,
SB21B,C00625566,SB21B.18083,,,ORG,US Postal Services,,,,,,475 LEnfant Plaza SW,,Washington,DC,20024,,,2024-09-30,50.00,,Mailing and Postage Services,,,,,,,,,,,,,,,,,,,,
SB21B,C00625566,SB21B.18084,,,ORG,US Postal Services,,,,,,475 LEnfant Plaza SW,,Washington,DC,20024,,,2024-09-30,150.00,,Mailing and Postage Services,,,,,,,,,,,,,,,,,,,,
SB21B,C00625566,SB21B.18085,,,ORG,Valet Connections,,,,,,27299 Wick Rd,,Taylor,MI,48180,,,2024-07-02,95.00,,Staff Transportation,,,,,,,,,,,,,,,,,,,,
SB21B,C00625566,SB21B.18086,,,ORG,Valet Connections,,,,,,27299 Wick Rd,,Taylor,MI,48180,,,2024-07-19,195.00,,Staff Transportation,,,,,,,,,,,,,,,,,,,,
SB21B,C00625566,SB21B.18087,,,ORG,Valet Connections,,,,,,27299 Wick Rd,,Taylor,MI,48180,,,2024-08-14,85.00,,Staff Transportation,,,,,,,,,,,,,,,,,,,,
SB21B,C00625566,SB21B.18088,,,ORG,Valet Connections,,,,,,27299 Wick Rd,,Taylor,MI,48180,,,2024-08-28,85.00,,Staff Transportation,,,,,,,,,,,,,,,,,,,,
SB21B,C00625566,SB21B.18089,,,ORG,Valet Connections,,,,,,27299 Wick Rd,,Taylor,MI,48180,,,2024-09-06,10.00,,Staff Transportation,,,,,,,,,,,,,,,,,,,,
SB21B,C00625566,SB21B.18090,,,ORG,Valet Connections,,,,,,27299 Wick Rd,,Taylor,MI,48180,,,2024-09-10,95.00,,Staff Transportation,,,,,,,,,,,,,,,,,,,,
SB21B,C00625566,SB21B.17707,,,ORG,Wells Fargo Bank,,,,,,PO Box 6995,,Portland,OR,97228,,,2024-07-25,49.50,,Bank Fee,,,,,,,,,,,,,,,,,,,,
SB21B,C00625566,SB21B.17710,,,ORG,Wells Fargo Bank,,,,,,PO Box 6995,,Portland,OR,97228,,,2024-09-25,62.55,,Bank Fee,,,,,,,,,,,,,,,,,,,,
SB21B,C00625566,SB21B.18103,,,ORG,Zoom Services,,,,,,7601 E Technology Way,,Denver,CO,80237,,,2024-07-30,27.28,,Telecom Services,,,,,,,,,,,,,,,,,,,,
SB21B,C00625566,SB21B.18104,,,ORG,Zoom Services,,,,,,7601 E Technology Way,,Denver,CO,80237,,,2024-08-30,170.46,,Telecom Services,,,,,,,,,,,,,,,,,,,,
SB21B,C00625566,SB21B.18105,,,ORG,Zoom Services,,,,,,7601 E Technology Way,,Denver,CO,80237,,,2024-08-30,27.28,,Telecom Services,,,,,,,,,,,,,,,,,,,,
SB21B,C00625566,SB21B.18106,,,ORG,Zoom Services,,,,,,7601 E Technology Way,,Denver,CO,80237,,,2024-09-30,27.28,,Telecom Services,,,,,,,,,,,,,,,,,,,,
