form_type,filer_committee_id_number,transaction_id_number,back_reference_tran_id_number,back_reference_sched_name,entity_type,payee_organization_name,payee_last_name,payee_first_name,payee_middle_name,payee_prefix,payee_suffix,payee_street_1,payee_street_2,payee_city,payee_state,payee_zip_code,election_code,election_other_description,expenditure_date,expenditure_amount,semi_annual_refunded_bundled_amt,expenditure_purpose_descrip,category_code,beneficiary_committee_fec_id,beneficiary_committee_name,beneficiary_candidate_fec_id,beneficiary_candidate_last_name,beneficiary_candidate_first_name,beneficiary_candidate_middle_name,beneficiary_candidate_prefix,beneficiary_candidate_suffix,beneficiary_candidate_office,beneficiary_candidate_state,beneficiary_candidate_district,conduit_name,conduit_street_1,conduit_street_2,conduit_city,conduit_state,conduit_zip_code,memo_code,memo_text_description,reference_to_si_or_sl_system_code_that_identifies_the_account
SB21B,C00663211,SB21B.4116,,,ORG,AcBlue Technical Services,,,,,,14 Arrow St,,Cambridge,MA,021385106,,,2023-07-07,1.80,,Credit Card Processing Fees,,,,,,,,,,,,,,,,,,,,
SB21B,C00663211,SB21B.4127,,,ORG,AcBlue Technical Services,,,,,,14 Arrow St,,Cambridge,MA,021385106,,,2023-07-24,4.32,,Credit Card Processing Fees,,,,,,,,,,,,,,,,,,,,
SB21B,C00663211,SB21B.4129,,,ORG,AcBlue Technical Services,,,,,,14 Arrow St,,Cambridge,MA,021385106,,,2023-07-24,4.79,,Credit Card Processing Fees,,,,,,,,,,,,,,,,,,,,
SB21B,C00663211,SB21B.4136,,,ORG,AcBlue Technical Services,,,,,,14 Arrow St,,Cambridge,MA,021385106,,,2023-07-24,7.27,,Credit Card Processing Fees,,,,,,,,,,,,,,,,,,,,
SB21B,C00663211,SB21B.4115,,,ORG,AcBlue Technical Services,,,,,,14 Arrow St,,Cambridge,MA,021385106,,,2023-08-11,1.20,,Credit Card Processing Fees,,,,,,,,,,,,,,,,,,,,
SB21B,C00663211,SB21B.4117,,,ORG,AcBlue Technical Services,,,,,,14 Arrow St,,Cambridge,MA,021385106,,,2023-08-11,2.12,,Credit Card Processing Fees,,,,,,,,,,,,,,,,,,,,
SB21B,C00663211,SB21B.4125,,,ORG,AcBlue Technical Services,,,,,,14 Arrow St,,Cambridge,MA,021385106,,,2023-08-11,3.80,,Credit Card Processing Fees,,,,,,,,,,,,,,,,,,,,
SB21B,C00663211,SB21B.4135,,,ORG,AcBlue Technical Services,,,,,,14 Arrow St,,Cambridge,MA,021385106,,,2023-08-11,6.87,,Credit Card Processing Fees,,,,,,,,,,,,,,,,,,,,
SB21B,C00663211,SB21B.4113,,,ORG,AcBlue Technical Services,,,,,,14 Arrow St,,Cambridge,MA,021385106,,,2023-09-08,1.00,,Credit Card Processing Fees,,,,,,,,,,,,,,,,,,,,
SB21B,C00663211,SB21B.4123,,,ORG,AcBlue Technical Services,,,,,,14 Arrow St,,Cambridge,MA,021385106,,,2023-09-08,3.78,,Credit Card Processing Fees,,,,,,,,,,,,,,,,,,,,
SB21B,C00663211,SB21B.4141,,,ORG,AcBlue Technical Services,,,,,,14 Arrow St,,Cambridge,MA,021385106,,,2023-09-08,10.95,,Credit Card Processing Fees,,,,,,,,,,,,,,,,,,,,
SB21B,C00663211,SB21B.4142,,,ORG,AcBlue Technical Services,,,,,,14 Arrow St,,Cambridge,MA,021385106,,,2023-09-08,12.14,,Credit Card Processing Fees,,,,,,,,,,,,,,,,,,,,
SB21B,C00663211,SB21B.4128,,,ORG,AcBlue Technical Services,,,,,,14 Arrow St,,Cambridge,MA,021385106,,,2023-09-27,4.52,,Credit Card Processing Fees,,,,,,,,,,,,,,,,,,,,
SB21B,C00663211,SB21B.4137,,,ORG,AcBlue Technical Services,,,,,,14 Arrow St,,Cambridge,MA,021385106,,,2023-09-27,7.27,,Credit Card Processing Fees,,,,,,,,,,,,,,,,,,,,
SB21B,C00663211,SB21B.4138,,,ORG,AcBlue Technical Services,,,,,,14 Arrow St,,Cambridge,MA,021385106,,,2023-09-27,8.46,,Credit Card Processing Fees,,,,,,,,,,,,,,,,,,,,
SB21B,C00663211,SB21B.4119,,,ORG,AcBlue Technical Services,,,,,,14 Arrow St,,Cambridge,MA,021385106,,,2023-11-01,2.59,,Credit Card Processing Fees,,,,,,,,,,,,,,,,,,,,
SB21B,C00663211,SB21B.4121,,,ORG,AcBlue Technical Services,,,,,,14 Arrow St,,Cambridge,MA,021385106,,,2023-11-01,3.18,,Credit Card Processing Fees,,,,,,,,,,,,,,,,,,,,
SB21B,C00663211,SB21B.4124,,,ORG,AcBlue Technical Services,,,,,,14 Arrow St,,Cambridge,MA,021385106,,,2023-11-01,3.79,,Credit Card Processing Fees,,,,,,,,,,,,,,,,,,,,
SB21B,C00663211,SB21B.4131,,,ORG,AcBlue Technical Services,,,,,,14 Arrow St,,Cambridge,MA,021385106,,,2023-11-01,5.58,,Credit Card Processing Fees,,,,,,,,,,,,,,,,,,,,
SB21B,C00663211,SB21B.4133,,,ORG,AcBlue Technical Services,,,,,,14 Arrow St,,Cambridge,MA,021385106,,,2023-11-01,6.10,,Credit Card Processing Fees,,,,,,,,,,,,,,,,,,,,
SB21B,C00663211,SB21B.4139,,,ORG,AcBlue Technical Services,,,,,,14 Arrow St,,Cambridge,MA,021385106,,,2023-11-01,9.56,,Credit Card Processing Fees,,,,,,,,,,,,,,,,,,,,
SB21B,C00663211,SB21B.4114,,,ORG,AcBlue Technical Services,,,,,,14 Arrow St,,Cambridge,MA,021385106,,,2023-12-14,1.00,,Credit Card Processing Fees,,,,,,,,,,,,,,,,,,,,
SB21B,C00663211,SB21B.4118,,,ORG,AcBlue Technical Services,,,,,,14 Arrow St,,Cambridge,MA,021385106,,,2023-12-14,2.40,,Credit Card Processing Fees,,,,,,,,,,,,,,,,,,,,
SB21B,C00663211,SB21B.4120,,,ORG,AcBlue Technical Services,,,,,,14 Arrow St,,Cambridge,MA,021385106,,,2023-12-14,2.92,,Credit Card Processing Fees,,,,,,,,,,,,,,,,,,,,
SB21B,C00663211,SB21B.4122,,,ORG,AcBlue Technical Services,,,,,,14 Arrow St,,Cambridge,MA,021385106,,,2023-12-14,3.38,,Credit Card Processing Fees,,,,,,,,,,,,,,,,,,,,
SB21B,C00663211,SB21B.4126,,,ORG,AcBlue Technical Services,,,,,,14 Arrow St,,Cambridge,MA,021385106,,,2023-12-14,4.12,,Credit Card Processing Fees,,,,,,,,,,,,,,,,,,,,
SB21B,C00663211,SB21B.4130,,,ORG,AcBlue Technical Services,,,,,,14 Arrow St,,Cambridge,MA,021385106,,,2023-12-14,5.16,,Credit Card Processing Fees,,,,,,,,,,,,,,,,,,,,
SB21B,C00663211,SB21B.4132,,,ORG,AcBlue Technical Services,,,,,,14 Arrow St,,Cambridge,MA,021385106,,,2023-12-14,6.08,,Credit Card Processing Fees,,,,,,,,,,,,,,,,,,,,
SB21B,C00663211,SB21B.4134,,,ORG,AcBlue Technical Services,,,,,,14 Arrow St,,Cambridge,MA,021385106,,,2023-12-14,6.40,,Credit Card Processing Fees,,,,,,,,,,,,,,,,,,,,
SB21B,C00663211,SB21B.4140,,,ORG,AcBlue Technical Services,,,,,,14 Arrow St,,Cambridge,MA,021385106,,,2023-12-14,9.93,,Credit Card Processing Fees,,,,,,,,,,,,,,,,,,,,
SB21B,C00663211,SB21B.4160,,,ORG,Amazon,,,,,,410 Terry Ave N,,Seattle,WA,981095210,,,2023-07-31,147.34,,Office Supplies,,,,,,,,,,,,,,,,,,,,
SB21B,C00663211,SB21B.4145,,,ORG,Amazon,,,,,,410 Terry Ave N,,Seattle,WA,981095210,,,2023-08-02,10.59,,Office Supplies,,,,,,,,,,,,,,,,,,,,
SB21B,C00663211,SB21B.4153,,,ORG,Amazon,,,,,,410 Terry Ave N,,Seattle,WA,981095210,,,2023-08-03,35.99,,Office Supplies,,,,,,,,,,,,,,,,,,,,
SB21B,C00663211,SB21B.4156,,,ORG,Amazon,,,,,,410 Terry Ave N,,Seattle,WA,981095210,,,2023-08-07,51.50,,Office Supplies,,,,,,,,,,,,,,,,,,,,
SB21B,C00663211,SB21B.4157,,,ORG,Amazon,,,,,,410 Terry Ave N,,Seattle,WA,981095210,,,2023-08-07,58.29,,Office Supplies,,,,,,,,,,,,,,,,,,,,
SB21B,C00663211,SB21B.4149,,,ORG,Amazon,,,,,,410 Terry Ave N,,Seattle,WA,981095210,,,2023-08-14,21.19,,Office Supplies,,,,,,,,,,,,,,,,,,,,
SB21B,C00663211,SB21B.4148,,,ORG,Amazon,,,,,,410 Terry Ave N,,Seattle,WA,981095210,,,2023-08-21,18.88,,Office Supplies,,,,,,,,,,,,,,,,,,,,
SB21B,C00663211,SB21B.4147,,,ORG,Amazon,,,,,,410 Terry Ave N,,Seattle,WA,981095210,,,2023-08-28,18.01,,Office Supplies,,,,,,,,,,,,,,,,,,,,
SB21B,C00663211,SB21B.4154,,,ORG,Amazon,,,,,,410 Terry Ave N,,Seattle,WA,981095210,,,2023-08-28,39.17,,Office Supplies,,,,,,,,,,,,,,,,,,,,
SB21B,C00663211,SB21B.4155,,,ORG,Amazon,,,,,,410 Terry Ave N,,Seattle,WA,981095210,,,2023-08-30,50.13,,Office Supplies,,,,,,,,,,,,,,,,,,,,
SB21B,C00663211,SB21B.4150,,,ORG,Amazon,,,,,,410 Terry Ave N,,Seattle,WA,981095210,,,2023-10-16,21.19,,Office Supplies,,,,,,,,,,,,,,,,,,,,
SB21B,C00663211,SB21B.4151,,,ORG,Amazon,,,,,,410 Terry Ave N,,Seattle,WA,981095210,,,2023-11-20,23.92,,Office Supplies,,,,,,,,,,,,,,,,,,,,
SB21B,C00663211,SB21B.4144,,,ORG,Amazon,,,,,,410 Terry Ave N,,Seattle,WA,981095210,,,2023-12-01,1.30,,Office Supplies,,,,,,,,,,,,,,,,,,,,
SB21B,C00663211,SB21B.4152,,,ORG,Amazon,,,,,,410 Terry Ave N,,Seattle,WA,981095210,,,2023-12-14,26.75,,Office Supplies,,,,,,,,,,,,,,,,,,,,
SB21B,C00663211,SB21B.4158,,,ORG,Amazon,,,,,,410 Terry Ave N,,Seattle,WA,981095210,,,2023-12-21,84.79,,Office Supplies,,,,,,,,,,,,,,,,,,,,
SB21B,C00663211,SB21B.4159,,,ORG,Amazon,,,,,,410 Terry Ave N,,Seattle,WA,981095210,,,2023-12-26,95.40,,Office Supplies,,,,,,,,,,,,,,,,,,,,
SB21B,C00663211,SB21B.4146,,,ORG,Amazon,,,,,,410 Terry Ave N,,Seattle,WA,981095210,,,2023-12-27,13.52,,Office Supplies,,,,,,,,,,,,,,,,,,,,
SB21B,C00663211,SB21B.4168,,,ORG,AT&T,,,,,,208 S Akard S,Ste 2954,Dallas,TX,752024206,,,2023-07-25,126.99,,Mobile Phone Service,,,,,,,,,,,,,,,,,,,,
SB21B,C00663211,SB21B.4165,,,ORG,AT&T,,,,,,208 S Akard S,Ste 2954,Dallas,TX,752024206,,,2023-08-23,126.98,,Mobile Phone Service,,,,,,,,,,,,,,,,,,,,
SB21B,C00663211,SB21B.4166,,,ORG,AT&T,,,,,,208 S Akard S,Ste 2954,Dallas,TX,752024206,,,2023-09-25,126.98,,Mobile Phone Service,,,,,,,,,,,,,,,,,,,,
SB21B,C00663211,SB21B.4167,,,ORG,AT&T,,,,,,208 S Akard S,Ste 2954,Dallas,TX,752024206,,,2023-10-25,126.98,,Mobile Phone Service,,,,,,,,,,,,,,,,,,,,
SB21B,C00663211,SB21B.4169,,,ORG,AT&T,,,,,,208 S Akard S,Ste 2954,Dallas,TX,752024206,,,2023-11-24,127.18,,Mobile Phone Service,,,,,,,,,,,,,,,,,,,,
SB21B,C00663211,SB21B.4164,,,ORG,AT&T,,,,,,208 S Akard S,Ste 2954,Dallas,TX,752024206,,,2023-11-29,25.80,,Mobile Phone Service,,,,,,,,,,,,,,,,,,,,
SB21B,C00663211,SB21B.4170,,,ORG,AT&T,,,,,,208 S Akard S,Ste 2954,Dallas,TX,752024206,,,2023-12-26,166.27,,Mobile Phone Service,,,,,,,,,,,,,,,,,,,,
SB21B,C00663211,SB21B.4213,,,ORG,Box Inc,,,,,,900 Jefferson Ave,,Redwood City,CA,94063,,,2023-10-25,127.20,,Software,,,,,,,,,,,,,,,,,,,,
SB21B,C00663211,SB21B.4211,,,ORG,Box Inc,,,,,,900 Jefferson Ave,,Redwood City,CA,94063,,,2023-11-02,25.00,,Software,,,,,,,,,,,,,,,,,,,,
SB21B,C00663211,SB21B.4212,,,ORG,Box Inc,,,,,,900 Jefferson Ave,,Redwood City,CA,94063,,,2023-12-04,25.00,,Software,,,,,,,,,,,,,,,,,,,,
SB21B,C00663211,SB21B.4215,,,ORG,Carefirst Bluecross,,,,,,840 FIRST ST NE UNION CENTER Plz,,Washington,DC,200650001,,,2023-07-27,767.26,,Health Insurance,,,,,,,,,,,,,,,,,,,,
SB21B,C00663211,SB21B.4216,,,ORG,Carefirst Bluecross,,,,,,840 FIRST ST NE UNION CENTER Plz,,Washington,DC,200650001,,,2023-08-17,767.26,,Health Insurance,,,,,,,,,,,,,,,,,,,,
SB21B,C00663211,SB21B.4205,,,ORG,Carefirst Bluecross,,,,,,840 FIRST ST NE UNION CENTER Plz,,Washington,DC,200650001,,,2023-09-11,767.26,,Health Insurance,,,,,,,,,,,,,,,,,,,,
SB21B,C00663211,SB21B.4214,,,ORG,Carefirst Bluecross,,,,,,840 FIRST ST NE UNION CENTER Plz,,Washington,DC,200650001,,,2023-10-06,767.26,,Health Insurance,,,,,,,,,,,,,,,,,,,,
SB21B,C00663211,SB21B.4252,,,ORG,Comptroller of Maryland,,,,,,7 St Paul St,,Baltimore,MD,21201,,,2023-10-25,63.17,,State Taxes,,,,,,,,,,,,,,,,,,,,
SB21B,C00663211,SB21B.4257,,,ORG,Extra Space Storage,,,,,,1420 U St NW,,Washington,DC,200093916,,,2023-07-27,210.28,,Storage Unit Rental,,,,,,,,,,,,,,,,,,,,
SB21B,C00663211,SB21B.4258,,,ORG,Extra Space Storage,,,,,,1420 U St NW,,Washington,DC,200093916,,,2023-08-28,218.76,,Storage Unit Rental,,,,,,,,,,,,,,,,,,,,
SB21B,C00663211,SB21B.4259,,,ORG,Extra Space Storage,,,,,,1420 U St NW,,Washington,DC,200093916,,,2023-09-27,218.76,,Storage Unit Rental,,,,,,,,,,,,,,,,,,,,
SB21B,C00663211,SB21B.4260,,,ORG,Extra Space Storage,,,,,,1420 U St NW,,Washington,DC,200093916,,,2023-10-27,218.76,,Storage Unit Rental,,,,,,,,,,,,,,,,,,,,
SB21B,C00663211,SB21B.4261,,,ORG,Extra Space Storage,,,,,,1420 U St NW,,Washington,DC,200093916,,,2023-11-27,218.76,,Storage Unit Rental,,,,,,,,,,,,,,,,,,,,
SB21B,C00663211,SB21B.4265,,,ORG,FII Marketing,,,,,,1 Weingeroff Blvd,,Cranston,RI,029104009,,,2023-08-06,10000.00,,"Printing and Shipping of PAC T-Shirts, Coins, Masks, and Hats",,,,,,,,,,,,,,,,,,,,
SB21B,C00663211,SB21B.4264,,,ORG,FII Marketing,,,,,,1 Weingeroff Blvd,,Cranston,RI,029104009,,,2023-09-29,5000.00,,"Printing and Shipping of PAC T-Shirts, Coins, Masks, and Hats",,,,,,,,,,,,,,,,,,,,
SB21B,C00663211,SB21B.4263,,,ORG,FII Marketing,,,,,,1 Weingeroff Blvd,,Cranston,RI,029104009,,,2023-11-28,1000.00,,"Printing and Shipping of PAC T-Shirts, Coins, Masks, and Hats",,,,,,,,,,,,,,,,,,,,
SB21B,C00663211,SB21B.4280,,,ORG,Godaddy.com,,,,,,14455 N Hayden Rd,Ste 219,Scottsdale,AZ,852606993,,,2023-07-11,80.55,,Website Hosting,,,,,,,,,,,,,,,,,,,,
SB21B,C00663211,SB21B.4278,,,ORG,Godaddy.com,,,,,,14455 N Hayden Rd,Ste 219,Scottsdale,AZ,852606993,,,2023-07-13,68.85,,Website Hosting,,,,,,,,,,,,,,,,,,,,
SB21B,C00663211,SB21B.4277,,,ORG,Godaddy.com,,,,,,14455 N Hayden Rd,Ste 219,Scottsdale,AZ,852606993,,,2023-07-20,41.78,,Website Hosting,,,,,,,,,,,,,,,,,,,,
SB21B,C00663211,SB21B.4272,,,ORG,Godaddy.com,,,,,,14455 N Hayden Rd,Ste 219,Scottsdale,AZ,852606993,,,2023-08-11,80.55,,Website Hosting,,,,,,,,,,,,,,,,,,,,
SB21B,C00663211,SB21B.4268,,,ORG,Godaddy.com,,,,,,14455 N Hayden Rd,Ste 219,Scottsdale,AZ,852606993,,,2023-08-14,68.85,,Website Hosting,,,,,,,,,,,,,,,,,,,,
SB21B,C00663211,SB21B.4281,,,ORG,Godaddy.com,,,,,,14455 N Hayden Rd,Ste 219,Scottsdale,AZ,852606993,,,2023-09-12,80.55,,Website Hosting,,,,,,,,,,,,,,,,,,,,
SB21B,C00663211,SB21B.4279,,,ORG,Godaddy.com,,,,,,14455 N Hayden Rd,Ste 219,Scottsdale,AZ,852606993,,,2023-09-13,68.85,,Website Hosting,,,,,,,,,,,,,,,,,,,,
SB21B,C00663211,SB21B.4276,,,ORG,Godaddy.com,,,,,,14455 N Hayden Rd,Ste 219,Scottsdale,AZ,852606993,,,2023-09-25,25.16,,Website Hosting,,,,,,,,,,,,,,,,,,,,
SB21B,C00663211,SB21B.4273,,,ORG,Godaddy.com,,,,,,14455 N Hayden Rd,Ste 219,Scottsdale,AZ,852606993,,,2023-10-12,80.55,,Website Hosting,,,,,,,,,,,,,,,,,,,,
SB21B,C00663211,SB21B.4269,,,ORG,Godaddy.com,,,,,,14455 N Hayden Rd,Ste 219,Scottsdale,AZ,852606993,,,2023-10-13,68.85,,Website Hosting,,,,,,,,,,,,,,,,,,,,
SB21B,C00663211,SB21B.4270,,,ORG,Godaddy.com,,,,,,14455 N Hayden Rd,Ste 219,Scottsdale,AZ,852606993,,,2023-11-13,68.85,,Website Hosting,,,,,,,,,,,,,,,,,,,,
SB21B,C00663211,SB21B.4274,,,ORG,Godaddy.com,,,,,,14455 N Hayden Rd,Ste 219,Scottsdale,AZ,852606993,,,2023-11-13,80.55,,Website Hosting,,,,,,,,,,,,,,,,,,,,
SB21B,C00663211,SB21B.4275,,,ORG,Godaddy.com,,,,,,14455 N Hayden Rd,Ste 219,Scottsdale,AZ,852606993,,,2023-12-12,80.55,,Website Hosting,,,,,,,,,,,,,,,,,,,,
SB21B,C00663211,SB21B.4271,,,ORG,Godaddy.com,,,,,,14455 N Hayden Rd,Ste 219,Scottsdale,AZ,852606993,,,2023-12-13,68.85,,Website Hosting,,,,,,,,,,,,,,,,,,,,
SB21B,C00663211,SB21B.4267,,,ORG,Godaddy.com,,,,,,14455 N Hayden Rd,Ste 219,Scottsdale,AZ,852606993,,,2023-12-18,45.40,,Website Hosting,,,,,,,,,,,,,,,,,,,,
SB21B,C00663211,SB21B.4286,,,ORG,Ideastage,,,,,,21020 N 8th Way,Ste 1,Phoenix,AZ,85024,,,2023-07-28,326.01,,"Printing and Shipping of PAC T-Shirts, Coins, and Hats",,,,,,,,,,,,,,,,,,,,
SB21B,C00663211,SB21B.4287,,,ORG,Ideastage,,,,,,21020 N 8th Way,Ste 1,Phoenix,AZ,85024,,,2023-07-28,1326.51,,"Printing and Shipping of PAC T-Shirts, Coins, and Hats",,,,,,,,,,,,,,,,,,,,
SB21B,C00663211,SB21B.4283,,,ORG,Ideastage,,,,,,21020 N 8th Way,Ste 1,Phoenix,AZ,85024,,,2023-08-09,1652.52,,"Printing and Shipping of PAC T-Shirts, Coins, and Hats",,,,,,,,,,,,,,,,,,,,
SB21B,C00663211,SB21B.4284,,,ORG,Ideastage,,,,,,21020 N 8th Way,Ste 1,Phoenix,AZ,85024,,,2023-08-14,1652.52,,"Printing and Shipping of PAC T-Shirts, Coins, and Hats",,,,,,,,,,,,,,,,,,,,
SB21B,C00663211,SB21B.4289,,,ORG,Ideastage,,,,,,21020 N 8th Way,Ste 1,Phoenix,AZ,85024,,,2023-08-29,1685.99,,"Printing and Shipping of PAC T-Shirts, Coins, and Hats",,,,,,,,,,,,,,,,,,,,
SB21B,C00663211,SB21B.4285,,,ORG,Ideastage,,,,,,21020 N 8th Way,Ste 1,Phoenix,AZ,85024,,,2023-08-30,312.01,,"Printing and Shipping of PAC T-Shirts, Coins, and Hats",,,,,,,,,,,,,,,,,,,,
SB21B,C00663211,SB21B.4288,,,ORG,Ideastage,,,,,,21020 N 8th Way,Ste 1,Phoenix,AZ,85024,,,2023-09-11,1371.41,,"Printing and Shipping of PAC T-Shirts, Coins, and Hats",,,,,,,,,,,,,,,,,,,,
SB21B,C00663211,SB21B.4293,,,ORG,Intuit,,,,,,2700 Coast Ave,,Mountain View,CA,940431140,,,2023-07-18,58.30,,Software,,,,,,,,,,,,,,,,,,,,
SB21B,C00663211,SB21B.4292,,,ORG,Intuit,,,,,,2700 Coast Ave,,Mountain View,CA,940431140,,,2023-08-18,58.30,,Software,,,,,,,,,,,,,,,,,,,,
SB21B,C00663211,SB21B.4294,,,ORG,Intuit,,,,,,2700 Coast Ave,,Mountain View,CA,940431140,,,2023-09-18,58.30,,Software,,,,,,,,,,,,,,,,,,,,
SB21B,C00663211,SB21B.4291,,,ORG,Intuit,,,,,,2700 Coast Ave,,Mountain View,CA,940431140,,,2023-09-25,53.83,,Software,,,,,,,,,,,,,,,,,,,,
SB21B,C00663211,SB21B.4295,,,ORG,Intuit,,,,,,2700 Coast Ave,,Mountain View,CA,940431140,,,2023-10-18,58.30,,Software,,,,,,,,,,,,,,,,,,,,
SB21B,C00663211,SB21B.4296,,,ORG,Intuit,,,,,,2700 Coast Ave,,Mountain View,CA,940431140,,,2023-11-20,63.60,,Software,,,,,,,,,,,,,,,,,,,,
SB21B,C00663211,SB21B.4297,,,ORG,Intuit,,,,,,2700 Coast Ave,,Mountain View,CA,940431140,,,2023-12-18,63.60,,Software,,,,,,,,,,,,,,,,,,,,
SB21B,C00663211,SB21B.4198,,,ORG,PNC Bank,,,,,,737 E College Pkwy,,Annapolis,MD,214095689,,,2023-07-03,20.00,,Bank Fee,,,,,,,,,,,,,,,,,,,,
SB21B,C00663211,SB21B.4173,,,ORG,PNC Bank,,,,,,737 E College Pkwy,,Annapolis,MD,214095689,,,2023-07-10,3.00,,Bank Fee,,,,,,,,,,,,,,,,,,,,
SB21B,C00663211,SB21B.4174,,,ORG,PNC Bank,,,,,,737 E College Pkwy,,Annapolis,MD,214095689,,,2023-07-10,3.00,,Bank Fee,,,,,,,,,,,,,,,,,,,,
SB21B,C00663211,SB21B.4175,,,ORG,PNC Bank,,,,,,737 E College Pkwy,,Annapolis,MD,214095689,,,2023-07-14,3.00,,Bank Fee,,,,,,,,,,,,,,,,,,,,
SB21B,C00663211,SB21B.4176,,,ORG,PNC Bank,,,,,,737 E College Pkwy,,Annapolis,MD,214095689,,,2023-07-17,3.00,,Bank Fee,,,,,,,,,,,,,,,,,,,,
SB21B,C00663211,SB21B.4177,,,ORG,PNC Bank,,,,,,737 E College Pkwy,,Annapolis,MD,214095689,,,2023-07-19,3.00,,Bank Fee,,,,,,,,,,,,,,,,,,,,
SB21B,C00663211,SB21B.4178,,,ORG,PNC Bank,,,,,,737 E College Pkwy,,Annapolis,MD,214095689,,,2023-07-21,3.00,,Bank Fee,,,,,,,,,,,,,,,,,,,,
SB21B,C00663211,SB21B.4179,,,ORG,PNC Bank,,,,,,737 E College Pkwy,,Annapolis,MD,214095689,,,2023-07-27,3.00,,Bank Fee,,,,,,,,,,,,,,,,,,,,
SB21B,C00663211,SB21B.4180,,,ORG,PNC Bank,,,,,,737 E College Pkwy,,Annapolis,MD,214095689,,,2023-07-31,3.00,,Bank Fee,,,,,,,,,,,,,,,,,,,,
SB21B,C00663211,SB21B.4181,,,ORG,PNC Bank,,,,,,737 E College Pkwy,,Annapolis,MD,214095689,,,2023-07-31,3.00,,Bank Fee,,,,,,,,,,,,,,,,,,,,
SB21B,C00663211,SB21B.4182,,,ORG,PNC Bank,,,,,,737 E College Pkwy,,Annapolis,MD,214095689,,,2023-07-31,3.00,,Bank Fee,,,,,,,,,,,,,,,,,,,,
SB21B,C00663211,SB21B.4199,,,ORG,PNC Bank,,,,,,737 E College Pkwy,,Annapolis,MD,214095689,,,2023-08-01,20.00,,Bank Fee,,,,,,,,,,,,,,,,,,,,
SB21B,C00663211,SB21B.4183,,,ORG,PNC Bank,,,,,,737 E College Pkwy,,Annapolis,MD,214095689,,,2023-08-02,3.00,,Bank Fee,,,,,,,,,,,,,,,,,,,,
SB21B,C00663211,SB21B.4184,,,ORG,PNC Bank,,,,,,737 E College Pkwy,,Annapolis,MD,214095689,,,2023-08-07,3.00,,Bank Fee,,,,,,,,,,,,,,,,,,,,
SB21B,C00663211,SB21B.4172,,,ORG,PNC Bank,,,,,,737 E College Pkwy,,Annapolis,MD,214095689,,,2023-08-11,1.50,,Bank Fee,,,,,,,,,,,,,,,,,,,,
SB21B,C00663211,SB21B.4185,,,ORG,PNC Bank,,,,,,737 E College Pkwy,,Annapolis,MD,214095689,,,2023-08-14,3.00,,Bank Fee,,,,,,,,,,,,,,,,,,,,
SB21B,C00663211,SB21B.4186,,,ORG,PNC Bank,,,,,,737 E College Pkwy,,Annapolis,MD,214095689,,,2023-08-14,3.00,,Bank Fee,,,,,,,,,,,,,,,,,,,,
SB21B,C00663211,SB21B.4187,,,ORG,PNC Bank,,,,,,737 E College Pkwy,,Annapolis,MD,214095689,,,2023-08-14,3.00,,Bank Fee,,,,,,,,,,,,,,,,,,,,
SB21B,C00663211,SB21B.4188,,,ORG,PNC Bank,,,,,,737 E College Pkwy,,Annapolis,MD,214095689,,,2023-08-16,3.00,,Bank Fee,,,,,,,,,,,,,,,,,,,,
SB21B,C00663211,SB21B.4189,,,ORG,PNC Bank,,,,,,737 E College Pkwy,,Annapolis,MD,214095689,,,2023-08-21,3.00,,Bank Fee,,,,,,,,,,,,,,,,,,,,
SB21B,C00663211,SB21B.4200,,,ORG,PNC Bank,,,,,,737 E College Pkwy,,Annapolis,MD,214095689,,,2023-09-01,20.00,,Bank Fee,,,,,,,,,,,,,,,,,,,,
SB21B,C00663211,SB21B.4201,,,ORG,PNC Bank,,,,,,737 E College Pkwy,,Annapolis,MD,214095689,,,2023-10-02,20.00,,Bank Fee,,,,,,,,,,,,,,,,,,,,
SB21B,C00663211,SB21B.4190,,,ORG,PNC Bank,,,,,,737 E College Pkwy,,Annapolis,MD,214095689,,,2023-10-12,3.00,,Bank Fee,,,,,,,,,,,,,,,,,,,,
SB21B,C00663211,SB21B.4202,,,ORG,PNC Bank,,,,,,737 E College Pkwy,,Annapolis,MD,214095689,,,2023-11-01,20.00,,Bank Fee,,,,,,,,,,,,,,,,,,,,
SB21B,C00663211,SB21B.4191,,,ORG,PNC Bank,,,,,,737 E College Pkwy,,Annapolis,MD,214095689,,,2023-11-09,3.00,,Bank Fee,,,,,,,,,,,,,,,,,,,,
SB21B,C00663211,SB21B.4192,,,ORG,PNC Bank,,,,,,737 E College Pkwy,,Annapolis,MD,214095689,,,2023-11-09,3.00,,Bank Fee,,,,,,,,,,,,,,,,,,,,
SB21B,C00663211,SB21B.4193,,,ORG,PNC Bank,,,,,,737 E College Pkwy,,Annapolis,MD,214095689,,,2023-12-01,3.00,,Bank Fee,,,,,,,,,,,,,,,,,,,,
SB21B,C00663211,SB21B.4194,,,ORG,PNC Bank,,,,,,737 E College Pkwy,,Annapolis,MD,214095689,,,2023-12-01,3.00,,Bank Fee,,,,,,,,,,,,,,,,,,,,
SB21B,C00663211,SB21B.4203,,,ORG,PNC Bank,,,,,,737 E College Pkwy,,Annapolis,MD,214095689,,,2023-12-01,20.00,,Bank Fee,,,,,,,,,,,,,,,,,,,,
SB21B,C00663211,SB21B.4195,,,ORG,PNC Bank,,,,,,737 E College Pkwy,,Annapolis,MD,214095689,,,2023-12-07,3.00,,Bank Fee,,,,,,,,,,,,,,,,,,,,
SB21B,C00663211,SB21B.4196,,,ORG,PNC Bank,,,,,,737 E College Pkwy,,Annapolis,MD,214095689,,,2023-12-12,3.00,,Bank Fee,,,,,,,,,,,,,,,,,,,,
SB21B,C00663211,SB21B.4197,,,ORG,PNC Bank,,,,,,737 E College Pkwy,,Annapolis,MD,214095689,,,2023-12-21,3.00,,Bank Fee,,,,,,,,,,,,,,,,,,,,
SB21B,C00663211,SB21B.4311,,,ORG,Pro Musica 21,,,,,,PO Box 1898,,Easton,MD,216018937,,,2023-08-30,520.00,,Consultant - Administrative,,,,,,,,,,,,,,,,,,,,
SB21B,C00663211,SB21B.4310,,,ORG,Pro Musica 21,,,,,,PO Box 1898,,Easton,MD,216018937,,,2023-09-11,510.00,,Consultant - Administrative,,,,,,,,,,,,,,,,,,,,
SB21B,C00663211,SB21B.4313,,,ORG,Quality Logo Products,,,,,,724 N Highland Ave,,Aurora,IL,605062942,,,2023-08-10,752.42,,"Printing and Shipping of PAC T-Shirts, Coins, and Hats",,,,,,,,,,,,,,,,,,,,
SB21B,C00663211,SB21B.4314,,,ORG,Quality Logo Products,,,,,,724 N Highland Ave,,Aurora,IL,605062942,,,2023-08-30,762.27,,"Printing and Shipping of PAC T-Shirts, Coins, and Hats",,,,,,,,,,,,,,,,,,,,
SB21B,C00663211,SB21B.4315,,,ORG,Quality Logo Products,,,,,,724 N Highland Ave,,Aurora,IL,605062942,,,2023-11-15,996.12,,"Printing and Shipping of PAC T-Shirts, Coins, and Hats",,,,,,,,,,,,,,,,,,,,
SB21B,C00663211,SB21B.4317,,,ORG,"Roger That Compliance, LLC",,,,,,PO Box 21662,,Washington,DC,200099662,,,2023-08-23,1000.00,,Accounting and Compliance Services,,,,,,,,,,,,,,,,,,,,
SB21B,C00663211,SB21B.4323,,,ORG,Shopify,,,,,,3 New Montgomery St,Ste 750,San Francisco,CA,94105,,,2023-07-10,112.50,,Website Hosting Fee,,,,,,,,,,,,,,,,,,,,
SB21B,C00663211,SB21B.4324,,,ORG,Shopify,,,,,,3 New Montgomery St,Ste 750,San Francisco,CA,94105,,,2023-08-07,112.50,,Website Hosting Fee,,,,,,,,,,,,,,,,,,,,
SB21B,C00663211,SB21B.4329,,,ORG,Shopify,,,,,,3 New Montgomery St,Ste 750,San Francisco,CA,94105,,,2023-09-01,199.27,,Online Storefront Hosting Fee,,,,,,,,,,,,,,,,,,,,
SB21B,C00663211,SB21B.4330,,,ORG,Shopify,,,,,,3 New Montgomery St,Ste 750,San Francisco,CA,94105,,,2023-10-02,199.27,,Online Storefront Hosting Fee,,,,,,,,,,,,,,,,,,,,
SB21B,C00663211,SB21B.4325,,,ORG,Shopify,,,,,,3 New Montgomery St,Ste 750,San Francisco,CA,94105,,,2023-10-06,112.50,,Website Hosting Fee,,,,,,,,,,,,,,,,,,,,
SB21B,C00663211,SB21B.4331,,,ORG,Shopify,,,,,,3 New Montgomery St,Ste 750,San Francisco,CA,94105,,,2023-10-31,199.27,,Online Storefront Hosting Fee,,,,,,,,,,,,,,,,,,,,
SB21B,C00663211,SB21B.4326,,,ORG,Shopify,,,,,,3 New Montgomery St,Ste 750,San Francisco,CA,94105,,,2023-11-06,112.50,,Website Hosting Fee,,,,,,,,,,,,,,,,,,,,
SB21B,C00663211,SB21B.4332,,,ORG,Shopify,,,,,,3 New Montgomery St,Ste 750,San Francisco,CA,94105,,,2023-11-29,199.27,,Online Storefront Hosting Fee,,,,,,,,,,,,,,,,,,,,
SB21B,C00663211,SB21B.4327,,,ORG,Shopify,,,,,,3 New Montgomery St,Ste 750,San Francisco,CA,94105,,,2023-12-04,112.50,,Website Hosting Fee,,,,,,,,,,,,,,,,,,,,
SB21B,C00663211,SB21B.4349,,,ORG,Shopify,,,,,,3 New Montgomery St,Ste 750,San Francisco,CA,94105,,,2023-12-31,2018.74,,Credit Card Processing Fees,,,,,,,,,,,,,,,,,,,,
SB21B,C00663211,SB21B.4340,,,ORG,Sunoco,,,,,,6360 New Hampshire Ave,,Takoma Park,MD,20912,,,2023-07-18,55.79,,Travel,,,,,,,,,,,,,,,,,,,,
SB21B,C00663211,SB21B.4337,,,ORG,Sunoco,,,,,,6360 New Hampshire Ave,,Takoma Park,MD,20912,,,2023-08-04,50.73,,Travel,,,,,,,,,,,,,,,,,,,,
SB21B,C00663211,SB21B.4341,,,ORG,Sunoco,,,,,,6360 New Hampshire Ave,,Takoma Park,MD,20912,,,2023-08-18,57.22,,Travel,,,,,,,,,,,,,,,,,,,,
SB21B,C00663211,SB21B.4339,,,ORG,Sunoco,,,,,,6360 New Hampshire Ave,,Takoma Park,MD,20912,,,2023-09-27,55.54,,Travel,,,,,,,,,,,,,,,,,,,,
SB21B,C00663211,SB21B.4335,,,ORG,Sunoco,,,,,,6360 New Hampshire Ave,,Takoma Park,MD,20912,,,2023-10-16,29.32,,Travel,,,,,,,,,,,,,,,,,,,,
SB21B,C00663211,SB21B.4338,,,ORG,Sunoco,,,,,,6360 New Hampshire Ave,,Takoma Park,MD,20912,,,2023-10-30,50.75,,Travel,,,,,,,,,,,,,,,,,,,,
SB21B,C00663211,SB21B.4334,,,ORG,Sunoco,,,,,,6360 New Hampshire Ave,,Takoma Park,MD,20912,,,2023-11-27,29.15,,Travel,,,,,,,,,,,,,,,,,,,,
SB21B,C00663211,SB21B.4336,,,ORG,Sunoco,,,,,,6360 New Hampshire Ave,,Takoma Park,MD,20912,,,2023-12-14,48.78,,Travel,,,,,,,,,,,,,,,,,,,,
SB21B,C00663211,SB21B.4246,,,IND,,Taylor,Claude,,,,107 Ritchie Ave,,Silver Spring,MD,209105111,,,2023-07-05,1700.00,,Payroll,,,,,,,,,,,,,,,,,,,,
SB21B,C00663211,SB21B.4221,,,IND,,Taylor,Claude,,,,107 Ritchie Ave,,Silver Spring,MD,209105111,,,2023-07-10,83.00,,Payroll,,,,,,,,,,,,,,,,,,,,
SB21B,C00663211,SB21B.4228,,,IND,,Taylor,Claude,,,,107 Ritchie Ave,,Silver Spring,MD,209105111,,,2023-07-10,103.00,,Payroll,,,,,,,,,,,,,,,,,,,,
SB21B,C00663211,SB21B.4229,,,IND,,Taylor,Claude,,,,107 Ritchie Ave,,Silver Spring,MD,209105111,,,2023-07-14,103.00,,Payroll,,,,,,,,,,,,,,,,,,,,
SB21B,C00663211,SB21B.4223,,,IND,,Taylor,Claude,,,,107 Ritchie Ave,,Silver Spring,MD,209105111,,,2023-07-17,83.50,,Payroll,,,,,,,,,,,,,,,,,,,,
SB21B,C00663211,SB21B.4225,,,IND,,Taylor,Claude,,,,107 Ritchie Ave,,Silver Spring,MD,209105111,,,2023-07-19,102.50,,Payroll,,,,,,,,,,,,,,,,,,,,
SB21B,C00663211,SB21B.4230,,,IND,,Taylor,Claude,,,,107 Ritchie Ave,,Silver Spring,MD,209105111,,,2023-07-21,103.00,,Payroll,,,,,,,,,,,,,,,,,,,,
SB21B,C00663211,SB21B.4231,,,IND,,Taylor,Claude,,,,107 Ritchie Ave,,Silver Spring,MD,209105111,,,2023-07-27,103.00,,Payroll,,,,,,,,,,,,,,,,,,,,
SB21B,C00663211,SB21B.4226,,,IND,,Taylor,Claude,,,,107 Ritchie Ave,,Silver Spring,MD,209105111,,,2023-07-31,102.50,,Payroll,,,,,,,,,,,,,,,,,,,,
SB21B,C00663211,SB21B.4234,,,IND,,Taylor,Claude,,,,107 Ritchie Ave,,Silver Spring,MD,209105111,,,2023-07-31,103.50,,Payroll,,,,,,,,,,,,,,,,,,,,
SB21B,C00663211,SB21B.4239,,,IND,,Taylor,Claude,,,,107 Ritchie Ave,,Silver Spring,MD,209105111,,,2023-08-02,203.50,,Payroll,,,,,,,,,,,,,,,,,,,,
SB21B,C00663211,SB21B.4232,,,IND,,Taylor,Claude,,,,107 Ritchie Ave,,Silver Spring,MD,209105111,,,2023-08-07,103.00,,Payroll,,,,,,,,,,,,,,,,,,,,
SB21B,C00663211,SB21B.4227,,,IND,,Taylor,Claude,,,,107 Ritchie Ave,,Silver Spring,MD,209105111,,,2023-08-14,102.50,,Payroll,,,,,,,,,,,,,,,,,,,,
SB21B,C00663211,SB21B.4236,,,IND,,Taylor,Claude,,,,107 Ritchie Ave,,Silver Spring,MD,209105111,,,2023-08-14,123.50,,Payroll,,,,,,,,,,,,,,,,,,,,
SB21B,C00663211,SB21B.4222,,,IND,,Taylor,Claude,,,,107 Ritchie Ave,,Silver Spring,MD,209105111,,,2023-08-16,83.00,,Payroll,,,,,,,,,,,,,,,,,,,,
SB21B,C00663211,SB21B.4248,,,IND,,Taylor,Claude,,,,107 Ritchie Ave,,Silver Spring,MD,209105111,,,2023-08-18,2000.00,,Payroll,,,,,,,,,,,,,,,,,,,,
SB21B,C00663211,SB21B.4237,,,IND,,Taylor,Claude,,,,107 Ritchie Ave,,Silver Spring,MD,209105111,,,2023-08-21,123.50,,Payroll,,,,,,,,,,,,,,,,,,,,
SB21B,C00663211,SB21B.4220,,,IND,,Taylor,Claude,,,,107 Ritchie Ave,,Silver Spring,MD,209105111,,,2023-08-24,80.00,,Payroll,,,,,,,,,,,,,,,,,,,,
SB21B,C00663211,SB21B.4241,,,IND,,Taylor,Claude,,,,107 Ritchie Ave,,Silver Spring,MD,209105111,,,2023-08-25,500.00,,Payroll,,,,,,,,,,,,,,,,,,,,
SB21B,C00663211,SB21B.4242,,,IND,,Taylor,Claude,,,,107 Ritchie Ave,,Silver Spring,MD,209105111,,,2023-08-31,500.00,,Payroll,,,,,,,,,,,,,,,,,,,,
SB21B,C00663211,SB21B.4249,,,IND,,Taylor,Claude,,,,107 Ritchie Ave,,Silver Spring,MD,209105111,,,2023-09-12,2000.00,,Payroll,,,,,,,,,,,,,,,,,,,,
SB21B,C00663211,SB21B.4240,,,IND,,Taylor,Claude,,,,107 Ritchie Ave,,Silver Spring,MD,209105111,,,2023-09-29,250.00,,Payroll,,,,,,,,,,,,,,,,,,,,
SB21B,C00663211,SB21B.4238,,,IND,,Taylor,Claude,,,,107 Ritchie Ave,,Silver Spring,MD,209105111,,,2023-10-10,200.00,,Payroll,,,,,,,,,,,,,,,,,,,,
SB21B,C00663211,SB21B.4233,,,IND,,Taylor,Claude,,,,107 Ritchie Ave,,Silver Spring,MD,209105111,,,2023-10-12,103.00,,Payroll,,,,,,,,,,,,,,,,,,,,
SB21B,C00663211,SB21B.4247,,,IND,,Taylor,Claude,,,,107 Ritchie Ave,,Silver Spring,MD,209105111,,,2023-10-17,1800.00,,Payroll,,,,,,,,,,,,,,,,,,,,
SB21B,C00663211,SB21B.4235,,,IND,,Taylor,Claude,,,,107 Ritchie Ave,,Silver Spring,MD,209105111,,,2023-11-09,103.50,,Payroll,,,,,,,,,,,,,,,,,,,,
SB21B,C00663211,SB21B.4244,,,IND,,Taylor,Claude,,,,107 Ritchie Ave,,Silver Spring,MD,209105111,,,2023-11-20,1200.00,,Payroll,,,,,,,,,,,,,,,,,,,,
SB21B,C00663211,SB21B.4218,,,IND,,Taylor,Claude,,,,107 Ritchie Ave,,Silver Spring,MD,209105111,,,2023-12-01,63.50,,Payroll,,,,,,,,,,,,,,,,,,,,
SB21B,C00663211,SB21B.4217,,,IND,,Taylor,Claude,,,,107 Ritchie Ave,,Silver Spring,MD,209105111,,,2023-12-07,63.00,,Payroll,,,,,,,,,,,,,,,,,,,,
SB21B,C00663211,SB21B.4245,,,IND,,Taylor,Claude,,,,107 Ritchie Ave,,Silver Spring,MD,209105111,,,2023-12-07,1600.00,,Payroll,,,,,,,,,,,,,,,,,,,,
SB21B,C00663211,SB21B.4219,,,IND,,Taylor,Claude,,,,107 Ritchie Ave,,Silver Spring,MD,209105111,,,2023-12-12,63.50,,Payroll,,,,,,,,,,,,,,,,,,,,
SB21B,C00663211,SB21B.4243,,,IND,,Taylor,Claude,,,,107 Ritchie Ave,,Silver Spring,MD,209105111,,,2023-12-13,600.00,,Payroll,,,,,,,,,,,,,,,,,,,,
SB21B,C00663211,SB21B.4224,,,IND,,Taylor,Claude,,,,107 Ritchie Ave,,Silver Spring,MD,209105111,,,2023-12-21,83.50,,Payroll,,,,,,,,,,,,,,,,,,,,
SB21B,C00663211,SB21B.4307,,,ORG,The New York Times,,,,,,620 Eighth Avenue,,New York,NY,10018,,,2023-07-25,21.20,,Subscription,,,,,,,,,,,,,,,,,,,,
SB21B,C00663211,SB21B.4308,,,ORG,The New York Times,,,,,,620 Eighth Avenue,,New York,NY,10018,,,2023-08-22,21.20,,Subscription,,,,,,,,,,,,,,,,,,,,
SB21B,C00663211,SB21B.4305,,,ORG,The New York Times,,,,,,620 Eighth Avenue,,New York,NY,10018,,,2023-11-14,21.20,,Subscription,,,,,,,,,,,,,,,,,,,,
SB21B,C00663211,SB21B.4306,,,ORG,The New York Times,,,,,,620 Eighth Avenue,,New York,NY,10018,,,2023-12-12,21.20,,Subscription,,,,,,,,,,,,,,,,,,,,
SB21B,C00663211,SB21B.4347,,,ORG,USPS,,,,,,6909 Laurel Ave,,Takoma Park,MD,20912,,,2023-07-28,97.00,,General Postage,,,,,,,,,,,,,,,,,,,,
SB21B,C00663211,SB21B.4343,,,ORG,USPS,,,,,,6909 Laurel Ave,,Takoma Park,MD,20912,,,2023-07-31,51.32,,General Postage,,,,,,,,,,,,,,,,,,,,
SB21B,C00663211,SB21B.4346,,,ORG,USPS,,,,,,6909 Laurel Ave,,Takoma Park,MD,20912,,,2023-09-18,66.00,,PO Box Renewel,,,,,,,,,,,,,,,,,,,,
SB21B,C00663211,SB21B.4348,,,ORG,USPS,,,,,,6909 Laurel Ave,,Takoma Park,MD,20912,,,2023-12-26,66.00,,PO Box Renewel,,,,,,,,,,,,,,,,,,,,
