form_type,filer_committee_id_number,transaction_id_number,back_reference_tran_id_number,back_reference_sched_name,entity_type,payee_organization_name,payee_last_name,payee_first_name,payee_middle_name,payee_prefix,payee_suffix,payee_street_1,payee_street_2,payee_city,payee_state,payee_zip_code,election_code,election_other_description,expenditure_date,expenditure_amount,semi_annual_refunded_bundled_amt,expenditure_purpose_descrip,category_code,beneficiary_committee_fec_id,beneficiary_committee_name,beneficiary_candidate_fec_id,beneficiary_candidate_last_name,beneficiary_candidate_first_name,beneficiary_candidate_middle_name,beneficiary_candidate_prefix,beneficiary_candidate_suffix,beneficiary_candidate_office,beneficiary_candidate_state,beneficiary_candidate_district,conduit_name,conduit_street_1,conduit_street_2,conduit_city,conduit_state,conduit_zip_code,memo_code,memo_text_description,reference_to_si_or_sl_system_code_that_identifies_the_account
SB21B,C00625566,SB21B.16082,,,ORG,Amazon,,,,,,410 Terry Ave N,,Seattle,WA,98109,,,2024-04-04,30.31,,Office Supplies,,,,,,,,,,,,,,,,,,,,
SB21B,C00625566,SB21B.15812,,,ORG,Amazon,,,,,,410 Terry Ave N,,Seattle,WA,98109,,,2024-04-08,4.64,,General Office Supplies,,,,,,,,,,,,,,,,,,,,
SB21B,C00625566,SB21B.15813,,,ORG,Amazon,,,,,,410 Terry Ave N,,Seattle,WA,98109,,,2024-05-02,12.65,,General Office Supplies,,,,,,,,,,,,,,,,,,,,
SB21B,C00625566,SB21B.15814,,,ORG,Amazon,,,,,,410 Terry Ave N,,Seattle,WA,98109,,,2024-06-21,4.10,,General Office Supplies,,,,,,,,,,,,,,,,,,,,
SB21B,C00625566,SB21B.15815,,,ORG,American Airlines,,,,,,619616 DFW Airport,,Dallas,TX,75261,,,2024-04-22,35.00,,Staff Travel,,,,,,,,,,,,,,,,,,,,
SB21B,C00625566,SB21B.15816,,,ORG,American Airlines,,,,,,619616 DFW Airport,,Dallas,TX,75261,,,2024-04-22,185.10,,Staff Travel,,,,,,,,,,,,,,,,,,,,
SB21B,C00625566,SB21B.15824,,,ORG,Best Buy,,,,,,7601 Penn Ave,,Richfield,MN,55423,,,2024-04-01,423.99,,Office Equipment,,,,,,,,,,,,,,,,,,,,
SB21B,C00625566,SB21B.16089,,,ORG,Borromeo Consulting,,,,,,737 S Lemay Ave,Ste B4,Fort Collins,CO,80524,,,2024-04-30,29550.00,,PAC Management and Consulting,,,,,,,,,,,,,,,,,,,,
SB21B,C00625566,SB21B.16090,,,ORG,Borromeo Consulting,,,,,,737 S Lemay Ave,Ste B4,Fort Collins,CO,80524,,,2024-05-31,46750.00,,PAC Management and Consulting,,,,,,,,,,,,,,,,,,,,
SB21B,C00625566,SB21B.16091,,,ORG,Borromeo Consulting,,,,,,737 S Lemay Ave,Ste B4,Fort Collins,CO,80524,,,2024-06-30,40600.00,,PAC Management and Consulting,,,,,,,,,,,,,,,,,,,,
SB21B,C00625566,SB21B.15829,,,ORG,Constant Contact,,,,,,1601 Trapelo Road,,Waltham,MA,02451,,,2024-04-08,86.35,,Email Management Software,,,,,,,,,,,,,,,,,,,,
SB21B,C00625566,SB21B.15830,,,ORG,Constant Contact,,,,,,1601 Trapelo Road,,Waltham,MA,02451,,,2024-05-06,86.35,,Email Management Software,,,,,,,,,,,,,,,,,,,,
SB21B,C00625566,SB21B.15831,,,ORG,Constant Contact,,,,,,1601 Trapelo Road,,Waltham,MA,02451,,,2024-06-06,86.35,,Email Management Software,,,,,,,,,,,,,,,,,,,,
SB21B,C00625566,SB21B.15832,,,ORG,Crystal Gardens,,,,,,2775 Iris Ave,,Boulder,CO,80304,,,2024-04-29,600.00,,PAC Storage Rent,,,,,,,,,,,,,,,,,,,,
SB21B,C00625566,SB21B.15833,,,ORG,Crystal Gardens,,,,,,2775 Iris Ave,,Boulder,CO,80304,,,2024-05-29,600.00,,PAC Storage Rent,,,,,,,,,,,,,,,,,,,,
SB21B,C00625566,SB21B.15834,,,ORG,Crystal Gardens,,,,,,2775 Iris Ave,,Boulder,CO,80304,,,2024-06-27,600.00,,PAC Storage Rent,,,,,,,,,,,,,,,,,,,,
SB21B,C00625566,SB21B.15835,,,ORG,Delta Airlines,,,,,,1030 Delta Blvd,,Atlanta,GA,30354,,,2024-06-26,413.47,,Staf Travel,,,,,,,,,,,,,,,,,,,,
SB21B,C00625566,SB21B.15840,,,ORG,Frontier Airlines,,,,,,7001 Tower Rd,,Denver,CO,80249,,,2024-04-05,149.00,,Staff Travel,,,,,,,,,,,,,,,,,,,,
SB21B,C00625566,SB21B.15841,,,ORG,Frontier Airlines,,,,,,7001 Tower Rd,,Denver,CO,80249,,,2024-04-10,131.96,,Staff Travel,,,,,,,,,,,,,,,,,,,,
SB21B,C00625566,SB21B.15842,,,ORG,Frontier Airlines,,,,,,7001 Tower Rd,,Denver,CO,80249,,,2024-04-10,37.96,,Staff Travel,,,,,,,,,,,,,,,,,,,,
SB21B,C00625566,SB21B.16083,,,ORG,Frontier Airlines,,,,,,7001 Tower Rd,,Denver,CO,80249,,,2024-04-23,18.98,,Staff Transportation,,,,,,,,,,,,,,,,,,,,
SB21B,C00625566,SB21B.16084,,,ORG,Frontier Airlines,,,,,,7001 Tower Rd,,Denver,CO,80249,,,2024-04-23,65.98,,Staff Transportation,,,,,,,,,,,,,,,,,,,,
SB21B,C00625566,SB21B.15843,,,ORG,Frontier Airlines,,,,,,7001 Tower Rd,,Denver,CO,80249,,,2024-04-29,77.96,,Staff Travel,,,,,,,,,,,,,,,,,,,,
SB21B,C00625566,SB21B.16085,,,ORG,Frontier Airlines,,,,,,7001 Tower Rd,,Denver,CO,80249,,,2024-04-30,65.98,,Staff Transportation,,,,,,,,,,,,,,,,,,,,
SB21B,C00625566,SB21B.15844,,,ORG,Frontier Airlines,,,,,,7001 Tower Rd,,Denver,CO,80249,,,2024-05-01,15.11,,Staff Travel,,,,,,,,,,,,,,,,,,,,
SB21B,C00625566,SB21B.15845,,,ORG,Frontier Airlines,,,,,,7001 Tower Rd,,Denver,CO,80249,,,2024-05-06,149.00,,Staff Travel,,,,,,,,,,,,,,,,,,,,
SB21B,C00625566,SB21B.15846,,,ORG,Frontier Airlines,,,,,,7001 Tower Rd,,Denver,CO,80249,,,2024-05-06,15.11,,Staff Travel,,,,,,,,,,,,,,,,,,,,
SB21B,C00625566,SB21B.15847,,,ORG,Frontier Airlines,,,,,,7001 Tower Rd,,Denver,CO,80249,,,2024-05-07,24.61,,Staff Travel,,,,,,,,,,,,,,,,,,,,
SB21B,C00625566,SB21B.15848,,,ORG,Frontier Airlines,,,,,,7001 Tower Rd,,Denver,CO,80249,,,2024-05-15,15.11,,Staff Travel,,,,,,,,,,,,,,,,,,,,
SB21B,C00625566,SB21B.15849,,,ORG,Frontier Airlines,,,,,,7001 Tower Rd,,Denver,CO,80249,,,2024-05-21,15.11,,Staff Travel,,,,,,,,,,,,,,,,,,,,
SB21B,C00625566,SB21B.15850,,,ORG,Frontier Airlines,,,,,,7001 Tower Rd,,Denver,CO,80249,,,2024-05-30,15.11,,Staff Travel,,,,,,,,,,,,,,,,,,,,
SB21B,C00625566,SB21B.15851,,,ORG,Frontier Airlines,,,,,,7001 Tower Rd,,Denver,CO,80249,,,2024-06-04,149.00,,Staff Travel,,,,,,,,,,,,,,,,,,,,
SB21B,C00625566,SB21B.15852,,,ORG,Frontier Airlines,,,,,,7001 Tower Rd,,Denver,CO,80249,,,2024-06-05,15.11,,Staff Travel,,,,,,,,,,,,,,,,,,,,
SB21B,C00625566,SB21B.15853,,,ORG,Google,,,,,,1600 Amphitheatre Parkway,,Mountain View,CA,94043,,,2024-04-01,5.39,,App Services,,,,,,,,,,,,,,,,,,,,
SB21B,C00625566,SB21B.15854,,,ORG,Google,,,,,,1600 Amphitheatre Parkway,,Mountain View,CA,94043,,,2024-04-02,92.10,,App Services,,,,,,,,,,,,,,,,,,,,
SB21B,C00625566,SB21B.15855,,,ORG,Google,,,,,,1600 Amphitheatre Parkway,,Mountain View,CA,94043,,,2024-05-01,5.39,,App Services,,,,,,,,,,,,,,,,,,,,
SB21B,C00625566,SB21B.15856,,,ORG,Google,,,,,,1600 Amphitheatre Parkway,,Mountain View,CA,94043,,,2024-05-02,92.10,,App Services,,,,,,,,,,,,,,,,,,,,
SB21B,C00625566,SB21B.15857,,,ORG,Google,,,,,,1600 Amphitheatre Parkway,,Mountain View,CA,94043,,,2024-05-30,5.39,,App Services,,,,,,,,,,,,,,,,,,,,
SB21B,C00625566,SB21B.15858,,,ORG,Google,,,,,,1600 Amphitheatre Parkway,,Mountain View,CA,94043,,,2024-06-03,92.10,,App Services,,,,,,,,,,,,,,,,,,,,
SB21B,C00625566,SB21B.15859,,,ORG,Grasshopper,,,,,,105 Old US Hwy 81,,Moundridge,KS,67107,,,2024-04-15,66.10,,Telecom Services,,,,,,,,,,,,,,,,,,,,
SB21B,C00625566,SB21B.15860,,,ORG,Grasshopper,,,,,,105 Old US Hwy 81,,Moundridge,KS,67107,,,2024-05-13,66.12,,Telecom Services,,,,,,,,,,,,,,,,,,,,
SB21B,C00625566,SB21B.15861,,,ORG,Grasshopper,,,,,,105 Old US Hwy 81,,Moundridge,KS,67107,,,2024-06-13,66.10,,Telecom Services,,,,,,,,,,,,,,,,,,,,
SB21B,C00625566,SB21B.15862,,,ORG,Groome Transportation,,,,,,2289 Dabney Rd,,Richmond,VA,23230,,,2024-04-11,29.00,,Staff Travel,,,,,,,,,,,,,,,,,,,,
SB21B,C00625566,SB21B.15863,,,ORG,Groome Transportation,,,,,,2289 Dabney Rd,,Richmond,VA,23230,,,2024-05-03,29.00,,Staff Travel,,,,,,,,,,,,,,,,,,,,
SB21B,C00625566,SB21B.15864,,,ORG,Groome Transportation,,,,,,2289 Dabney Rd,,Richmond,VA,23230,,,2024-06-17,29.00,,Staff Travel,,,,,,,,,,,,,,,,,,,,
SB21B,C00625566,SB21B.15865,,,ORG,Groome Transportation,,,,,,2289 Dabney Rd,,Richmond,VA,23230,,,2024-06-27,29.00,,Staff Travel,,,,,,,,,,,,,,,,,,,,
SB21B,C00625566,SB21B.15866,,,ORG,Henry Meds,,,,,,580 California St,,San Francisco,CA,94104,,,2024-04-10,297.00,,Insurance,,,,,,,,,,,,,,,,,,,,
SB21B,C00625566,SB21B.15867,,,ORG,Henry Meds,,,,,,580 California St,,San Francisco,CA,94104,,,2024-05-09,297.00,,Insurance,,,,,,,,,,,,,,,,,,,,
SB21B,C00625566,SB21B.15868,,,ORG,Henry Meds,,,,,,580 California St,,San Francisco,CA,94104,,,2024-06-10,297.00,,Insurance,,,,,,,,,,,,,,,,,,,,
SB21B,C00625566,SB21B.15869,,,ORG,Hiscox Inc,,,,,,14643 N Dallas Pkwy Ste 450,,Dallas,TX,75254,,,2024-04-01,51.56,,Insurance,,,,,,,,,,,,,,,,,,,,
SB21B,C00625566,SB21B.15870,,,ORG,Hiscox Inc,,,,,,14643 N Dallas Pkwy Ste 450,,Dallas,TX,75254,,,2024-05-01,51.56,,Insurance,,,,,,,,,,,,,,,,,,,,
SB21B,C00625566,SB21B.15871,,,ORG,Hiscox Inc,,,,,,14643 N Dallas Pkwy Ste 450,,Dallas,TX,75254,,,2024-05-31,51.56,,Insurance,,,,,,,,,,,,,,,,,,,,
SB21B,C00625566,SB21B.15878,,,ORG,iPostal1,,,,,,400 Rella Blvd,Ste 123,Montebello,NY,10901,,,2024-04-29,24.20,,Postage Services,,,,,,,,,,,,,,,,,,,,
SB21B,C00625566,SB21B.15879,,,ORG,iPostal1,,,,,,400 Rella Blvd,Ste 123,Montebello,NY,10901,,,2024-04-29,44.99,,Postage Services,,,,,,,,,,,,,,,,,,,,
SB21B,C00625566,SB21B.15880,,,ORG,iPostal1,,,,,,400 Rella Blvd,Ste 123,Montebello,NY,10901,,,2024-05-06,5.50,,Postage Services,,,,,,,,,,,,,,,,,,,,
SB21B,C00625566,SB21B.15881,,,ORG,iPostal1,,,,,,400 Rella Blvd,Ste 123,Montebello,NY,10901,,,2024-05-13,12.10,,Postage Services,,,,,,,,,,,,,,,,,,,,
SB21B,C00625566,SB21B.15882,,,ORG,iPostal1,,,,,,400 Rella Blvd,Ste 123,Montebello,NY,10901,,,2024-05-20,2.20,,Postage Services,,,,,,,,,,,,,,,,,,,,
SB21B,C00625566,SB21B.15883,,,ORG,iPostal1,,,,,,400 Rella Blvd,Ste 123,Montebello,NY,10901,,,2024-05-28,28.60,,Postage Services,,,,,,,,,,,,,,,,,,,,
SB21B,C00625566,SB21B.15884,,,ORG,iPostal1,,,,,,400 Rella Blvd,Ste 123,Montebello,NY,10901,,,2024-05-29,44.99,,Postage Services,,,,,,,,,,,,,,,,,,,,
SB21B,C00625566,SB21B.15885,,,ORG,iPostal1,,,,,,400 Rella Blvd,Ste 123,Montebello,NY,10901,,,2024-06-03,4.40,,Postage Services,,,,,,,,,,,,,,,,,,,,
SB21B,C00625566,SB21B.15886,,,ORG,iPostal1,,,,,,400 Rella Blvd,Ste 123,Montebello,NY,10901,,,2024-06-10,14.30,,Postage Services,,,,,,,,,,,,,,,,,,,,
SB21B,C00625566,SB21B.15887,,,ORG,iPostal1,,,,,,400 Rella Blvd,Ste 123,Montebello,NY,10901,,,2024-06-17,8.80,,Postage Services,,,,,,,,,,,,,,,,,,,,
SB21B,C00625566,SB21B.15888,,,ORG,iPostal1,,,,,,400 Rella Blvd,Ste 123,Montebello,NY,10901,,,2024-06-24,26.40,,Postage Services,,,,,,,,,,,,,,,,,,,,
SB21B,C00625566,SB21B.15890,,,ORG,Jim Ross Law Group,,,,,,,,,,,,,2024-06-26,5000.00,,Legal Services,,,,,,,,,,,,,,,,,,,,
SB21B,C00625566,SB21B.15891,,,ORG,Kindful Fee,,,,,,12 Cadillac Dr Ste 480,,Brentwood,TN,37027,,,2024-04-12,331.70,,Merchant Fee,,,,,,,,,,,,,,,,,,,,
SB21B,C00625566,SB21B.15892,,,ORG,Kindful Fee,,,,,,12 Cadillac Dr Ste 480,,Brentwood,TN,37027,,,2024-05-10,19.13,,Merchant Fee,,,,,,,,,,,,,,,,,,,,
SB21B,C00625566,SB21B.15893,,,ORG,Kindful Fee,,,,,,12 Cadillac Dr Ste 480,,Brentwood,TN,37027,,,2024-05-14,331.70,,Merchant Fee,,,,,,,,,,,,,,,,,,,,
SB21B,C00625566,SB21B.15894,,,ORG,Kindful Fee,,,,,,12 Cadillac Dr Ste 480,,Brentwood,TN,37027,,,2024-06-12,331.70,,Merchant Fee,,,,,,,,,,,,,,,,,,,,
SB21B,C00625566,SB21B.15895,,,ORG,Kroger,,,,,,1014 Vine St,,Cincinnati,OH,45202,,,2024-05-15,65.41,,Staff Travel Meal,,,,,,,,,,,,,,,,,,,,
SB21B,C00625566,SB21B.15896,,,ORG,Lyft,,,,,,185 BERRY STREET,,San Francisco,CA,94107,,,2024-05-09,7.97,,Staff Transportation,,,,,,,,,,,,,,,,,,,,
SB21B,C00625566,SB21B.15897,,,ORG,Lyft,,,,,,185 BERRY STREET,,San Francisco,CA,94107,,,2024-06-17,46.99,,Staff Transportation,,,,,,,,,,,,,,,,,,,,
SB21B,C00625566,SB21B.15898,,,ORG,Mailchimp,,,,,,675 Ponce De Leon Ave NE E178,,Atlanta,GA,30308,,,2024-04-10,77.29,,Email Services,,,,,,,,,,,,,,,,,,,,
SB21B,C00625566,SB21B.15899,,,ORG,Mailchimp,,,,,,675 Ponce De Leon Ave NE E178,,Atlanta,GA,30308,,,2024-04-22,479.70,,Email Services,,,,,,,,,,,,,,,,,,,,
SB21B,C00625566,SB21B.15900,,,ORG,Mailchimp,,,,,,675 Ponce De Leon Ave NE E178,,Atlanta,GA,30308,,,2024-05-09,77.29,,Email Services,,,,,,,,,,,,,,,,,,,,
SB21B,C00625566,SB21B.15901,,,ORG,Mailchimp,,,,,,675 Ponce De Leon Ave NE E178,,Atlanta,GA,30308,,,2024-05-21,479.70,,Email Services,,,,,,,,,,,,,,,,,,,,
SB21B,C00625566,SB21B.15902,,,ORG,Mailchimp,,,,,,675 Ponce De Leon Ave NE E178,,Atlanta,GA,30308,,,2024-06-10,77.29,,Email Services,,,,,,,,,,,,,,,,,,,,
SB21B,C00625566,SB21B.15903,,,ORG,Mailchimp,,,,,,675 Ponce De Leon Ave NE E178,,Atlanta,GA,30308,,,2024-06-21,658.79,,Email Services,,,,,,,,,,,,,,,,,,,,
SB21B,C00625566,SB21B.15905,,,ORG,Meijer Grocery,,,,,,2929 Walker Ave NW,,Walker,MI,49544,,,2024-04-15,104.18,,Staff Travel Meal,,,,,,,,,,,,,,,,,,,,
SB21B,C00625566,SB21B.15906,,,ORG,Meijer Grocery,,,,,,2929 Walker Ave NW,,Walker,MI,49544,,,2024-04-15,125.02,,Staff Travel Meal,,,,,,,,,,,,,,,,,,,,
SB21B,C00625566,SB21B.15907,,,ORG,Meijer Grocery,,,,,,2929 Walker Ave NW,,Walker,MI,49544,,,2024-04-22,76.44,,Staff Travel Meal,,,,,,,,,,,,,,,,,,,,
SB21B,C00625566,SB21B.15908,,,ORG,Meijer Grocery,,,,,,2929 Walker Ave NW,,Walker,MI,49544,,,2024-05-20,6.00,,Staff Travel Meal,,,,,,,,,,,,,,,,,,,,
SB21B,C00625566,SB21B.15909,,,ORG,Meijer Grocery,,,,,,2929 Walker Ave NW,,Walker,MI,49544,,,2024-05-20,10.00,,Staff Travel Meal,,,,,,,,,,,,,,,,,,,,
SB21B,C00625566,SB21B.15910,,,ORG,Meijer Grocery,,,,,,2929 Walker Ave NW,,Walker,MI,49544,,,2024-05-20,9.00,,Staff Travel Meal,,,,,,,,,,,,,,,,,,,,
SB21B,C00625566,SB21B.15911,,,ORG,Meijer Grocery,,,,,,2929 Walker Ave NW,,Walker,MI,49544,,,2024-05-20,7.00,,Staff Travel Meal,,,,,,,,,,,,,,,,,,,,
SB21B,C00625566,SB21B.15912,,,ORG,Meijer Grocery,,,,,,2929 Walker Ave NW,,Walker,MI,49544,,,2024-05-31,56.71,,Staff Travel Meal,,,,,,,,,,,,,,,,,,,,
SB21B,C00625566,SB21B.15913,,,ORG,Meijer Grocery,,,,,,2929 Walker Ave NW,,Walker,MI,49544,,,2024-06-10,54.63,,Staff Travel Meal,,,,,,,,,,,,,,,,,,,,
SB21B,C00625566,SB21B.15914,,,ORG,Meijer Grocery,,,,,,2929 Walker Ave NW,,Walker,MI,49544,,,2024-06-12,59.85,,Staff Travel Meal,,,,,,,,,,,,,,,,,,,,
SB21B,C00625566,SB21B.15915,,,ORG,Office Max/Office Depot,,,,,,6600 North Military Tr,,Boca Raton,FL,33449,,,2024-04-01,66.73,,Office Supplies,,,,,,,,,,,,,,,,,,,,
SB21B,C00625566,SB21B.15916,,,ORG,Office Max/Office Depot,,,,,,6600 North Military Tr,,Boca Raton,FL,33449,,,2024-04-08,43.29,,Office Supplies,,,,,,,,,,,,,,,,,,,,
SB21B,C00625566,SB21B.15917,,,ORG,Office Max/Office Depot,,,,,,6600 North Military Tr,,Boca Raton,FL,33449,,,2024-04-12,268.01,,Office Supplies,,,,,,,,,,,,,,,,,,,,
SB21B,C00625566,SB21B.15918,,,ORG,Office Max/Office Depot,,,,,,6600 North Military Tr,,Boca Raton,FL,33449,,,2024-04-12,359.51,,Office Supplies,,,,,,,,,,,,,,,,,,,,
SB21B,C00625566,SB21B.15919,,,ORG,Office Max/Office Depot,,,,,,6600 North Military Tr,,Boca Raton,FL,33449,,,2024-04-15,32.46,,Office Supplies,,,,,,,,,,,,,,,,,,,,
SB21B,C00625566,SB21B.15920,,,ORG,Office Max/Office Depot,,,,,,6600 North Military Tr,,Boca Raton,FL,33449,,,2024-04-15,45.30,,Office Supplies,,,,,,,,,,,,,,,,,,,,
SB21B,C00625566,SB21B.15921,,,ORG,Office Max/Office Depot,,,,,,6600 North Military Tr,,Boca Raton,FL,33449,,,2024-04-17,25.97,,Office Supplies,,,,,,,,,,,,,,,,,,,,
SB21B,C00625566,SB21B.15922,,,ORG,Office Max/Office Depot,,,,,,6600 North Military Tr,,Boca Raton,FL,33449,,,2024-04-22,96.34,,Office Supplies,,,,,,,,,,,,,,,,,,,,
SB21B,C00625566,SB21B.15923,,,ORG,Office Max/Office Depot,,,,,,6600 North Military Tr,,Boca Raton,FL,33449,,,2024-04-26,117.40,,Office Supplies,,,,,,,,,,,,,,,,,,,,
SB21B,C00625566,SB21B.15924,,,ORG,Office Max/Office Depot,,,,,,6600 North Military Tr,,Boca Raton,FL,33449,,,2024-04-29,175.32,,Office Supplies,,,,,,,,,,,,,,,,,,,,
SB21B,C00625566,SB21B.15925,,,ORG,Office Max/Office Depot,,,,,,6600 North Military Tr,,Boca Raton,FL,33449,,,2024-05-02,90.01,,Office Supplies,,,,,,,,,,,,,,,,,,,,
SB21B,C00625566,SB21B.15926,,,ORG,Office Max/Office Depot,,,,,,6600 North Military Tr,,Boca Raton,FL,33449,,,2024-05-03,63.85,,Office Supplies,,,,,,,,,,,,,,,,,,,,
SB21B,C00625566,SB21B.15927,,,ORG,Office Max/Office Depot,,,,,,6600 North Military Tr,,Boca Raton,FL,33449,,,2024-05-03,87.03,,Office Supplies,,,,,,,,,,,,,,,,,,,,
SB21B,C00625566,SB21B.15928,,,ORG,Office Max/Office Depot,,,,,,6600 North Military Tr,,Boca Raton,FL,33449,,,2024-05-06,43.29,,Office Supplies,,,,,,,,,,,,,,,,,,,,
SB21B,C00625566,SB21B.15929,,,ORG,Office Max/Office Depot,,,,,,6600 North Military Tr,,Boca Raton,FL,33449,,,2024-05-13,42.39,,Office Supplies,,,,,,,,,,,,,,,,,,,,
SB21B,C00625566,SB21B.16086,,,ORG,Office Max/Office Depot,,,,,,6600 North Military Tr,,Boca Raton,FL,33449,,,2024-05-15,90.01,,Office Supplies,,,,,,,,,,,,,,,,,,,,
SB21B,C00625566,SB21B.15930,,,ORG,Office Max/Office Depot,,,,,,6600 North Military Tr,,Boca Raton,FL,33449,,,2024-05-22,364.17,,Office Supplies,,,,,,,,,,,,,,,,,,,,
SB21B,C00625566,SB21B.15931,,,ORG,Office Max/Office Depot,,,,,,6600 North Military Tr,,Boca Raton,FL,33449,,,2024-05-22,206.70,,Office Supplies,,,,,,,,,,,,,,,,,,,,
SB21B,C00625566,SB21B.15932,,,ORG,Office Max/Office Depot,,,,,,6600 North Military Tr,,Boca Raton,FL,33449,,,2024-05-28,70.75,,Office Supplies,,,,,,,,,,,,,,,,,,,,
SB21B,C00625566,SB21B.15933,,,ORG,Office Max/Office Depot,,,,,,6600 North Military Tr,,Boca Raton,FL,33449,,,2024-05-28,96.34,,Office Supplies,,,,,,,,,,,,,,,,,,,,
SB21B,C00625566,SB21B.15934,,,ORG,Office Max/Office Depot,,,,,,6600 North Military Tr,,Boca Raton,FL,33449,,,2024-05-28,186.23,,Office Supplies,,,,,,,,,,,,,,,,,,,,
SB21B,C00625566,SB21B.15935,,,ORG,Office Max/Office Depot,,,,,,6600 North Military Tr,,Boca Raton,FL,33449,,,2024-05-31,128.77,,Office Supplies,,,,,,,,,,,,,,,,,,,,
SB21B,C00625566,SB21B.15936,,,ORG,Office Max/Office Depot,,,,,,6600 North Military Tr,,Boca Raton,FL,33449,,,2024-06-03,43.29,,Office Supplies,,,,,,,,,,,,,,,,,,,,
SB21B,C00625566,SB21B.16087,,,ORG,Office Max/Office Depot,,,,,,6600 North Military Tr,,Boca Raton,FL,33449,,,2024-06-03,364.17,,Office Supplies,,,,,,,,,,,,,,,,,,,,
SB21B,C00625566,SB21B.15937,,,ORG,Office Max/Office Depot,,,,,,6600 North Military Tr,,Boca Raton,FL,33449,,,2024-06-10,383.30,,Office Supplies,,,,,,,,,,,,,,,,,,,,
SB21B,C00625566,SB21B.15938,,,ORG,Office Max/Office Depot,,,,,,6600 North Military Tr,,Boca Raton,FL,33449,,,2024-06-10,42.39,,Office Supplies,,,,,,,,,,,,,,,,,,,,
SB21B,C00625566,SB21B.15939,,,ORG,Office Max/Office Depot,,,,,,6600 North Military Tr,,Boca Raton,FL,33449,,,2024-06-14,381.30,,Office Supplies,,,,,,,,,,,,,,,,,,,,
SB21B,C00625566,SB21B.15940,,,ORG,Office Max/Office Depot,,,,,,6600 North Military Tr,,Boca Raton,FL,33449,,,2024-06-14,152.60,,Office Supplies,,,,,,,,,,,,,,,,,,,,
SB21B,C00625566,SB21B.15941,,,ORG,Office Max/Office Depot,,,,,,6600 North Military Tr,,Boca Raton,FL,33449,,,2024-06-24,199.24,,Office Supplies,,,,,,,,,,,,,,,,,,,,
SB21B,C00625566,SB21B.15942,,,ORG,Office Max/Office Depot,,,,,,6600 North Military Tr,,Boca Raton,FL,33449,,,2024-06-24,96.34,,Office Supplies,,,,,,,,,,,,,,,,,,,,
SB21B,C00625566,SB21B.15943,,,ORG,Office Max/Office Depot,,,,,,6600 North Military Tr,,Boca Raton,FL,33449,,,2024-06-24,203.47,,Office Supplies,,,,,,,,,,,,,,,,,,,,
SB21B,C00625566,SB21B.15944,,,ORG,Office Max/Office Depot,,,,,,6600 North Military Tr,,Boca Raton,FL,33449,,,2024-06-26,21.19,,Office Supplies,,,,,,,,,,,,,,,,,,,,
SB21B,C00625566,SB21B.15945,,,ORG,Office Max/Office Depot,,,,,,6600 North Military Tr,,Boca Raton,FL,33449,,,2024-06-27,16.95,,Office Supplies,,,,,,,,,,,,,,,,,,,,
SB21B,C00625566,SB21B.15946,,,ORG,Priceline,,,,,,800 Connecticut Ave,,Norwalk,CT,06854,,,2024-04-16,159.60,,Staff Travel,,,,,,,,,,,,,,,,,,,,
SB21B,C00625566,SB21B.15947,,,ORG,Priceline,,,,,,800 Connecticut Ave,,Norwalk,CT,06854,,,2024-04-22,186.04,,Staff Travel,,,,,,,,,,,,,,,,,,,,
SB21B,C00625566,SB21B.15965,,,ORG,Rapid Rewards,,,,,,2702 Love Field Dr,,Dallas,TX,75235,,,2024-04-18,210.00,,Membership Discount Fee,,,,,,,,,,,,,,,,,,,,
SB21B,C00625566,SB21B.15802,,,ORG,RightSide Compliance,,,,,,PO Box 341027,,Austin,TX,78734,,,2024-05-01,1634.04,,Compliance Services,,,,,,,,,,,,,,,,,,,,
SB21B,C00625566,SB21B.15803,,,ORG,RightSide Compliance,,,,,,PO Box 341027,,Austin,TX,78734,,,2024-06-03,3365.96,,Compliance Services,,,,,,,,,,,,,,,,,,,,
SB21B,C00625566,SB21B.15968,,,ORG,SiteLyft LLC,,,,,,2914 York Dr,,Lorain,OH,44053,,,2024-04-15,200.00,,Campaign Technology,,,,,,,,,,,,,,,,,,,,
SB21B,C00625566,SB21B.15969,,,ORG,SiteLyft LLC,,,,,,2914 York Dr,,Lorain,OH,44053,,,2024-04-15,200.00,,Campaign Technology,,,,,,,,,,,,,,,,,,,,
SB21B,C00625566,SB21B.15970,,,ORG,SiteLyft LLC,,,,,,2914 York Dr,,Lorain,OH,44053,,,2024-05-13,200.00,,Campaign Technology,,,,,,,,,,,,,,,,,,,,
SB21B,C00625566,SB21B.15971,,,ORG,SiteLyft LLC,,,,,,2914 York Dr,,Lorain,OH,44053,,,2024-05-13,200.00,,Campaign Technology,,,,,,,,,,,,,,,,,,,,
SB21B,C00625566,SB21B.15972,,,ORG,SiteLyft LLC,,,,,,2914 York Dr,,Lorain,OH,44053,,,2024-06-13,200.00,,Campaign Technology,,,,,,,,,,,,,,,,,,,,
SB21B,C00625566,SB21B.15973,,,ORG,SiteLyft LLC,,,,,,2914 York Dr,,Lorain,OH,44053,,,2024-06-13,200.00,,Campaign Technology,,,,,,,,,,,,,,,,,,,,
SB21B,C00625566,SB21B.15974,,,ORG,Southwest Airlines,,,,,,2702 Love Field Dr,,Dallas,TX,75235,,,2024-04-22,124.98,,Staff Travel,,,,,,,,,,,,,,,,,,,,
SB21B,C00625566,SB21B.15975,,,ORG,Southwest Airlines,,,,,,2702 Love Field Dr,,Dallas,TX,75235,,,2024-04-30,288.98,,Staff Travel,,,,,,,,,,,,,,,,,,,,
SB21B,C00625566,SB21B.15976,,,ORG,Southwest Airlines,,,,,,2702 Love Field Dr,,Dallas,TX,75235,,,2024-05-06,410.95,,Staff Travel,,,,,,,,,,,,,,,,,,,,
SB21B,C00625566,SB21B.15977,,,ORG,Southwest Airlines,,,,,,2702 Love Field Dr,,Dallas,TX,75235,,,2024-05-21,197.96,,Staff Travel,,,,,,,,,,,,,,,,,,,,
SB21B,C00625566,SB21B.15978,,,ORG,Spectrum,,,,,,400 Atlantic St,,Stamford,CT,06901,,,2024-04-01,22000.00,,PAC Advertising,,,,,,,,,,,,,,,,,,,,
SB21B,C00625566,SB21B.15979,,,ORG,Spectrum,,,,,,400 Atlantic St,,Stamford,CT,06901,,,2024-04-30,21408.32,,PAC Advertising,,,,,,,,,,,,,,,,,,,,
SB21B,C00625566,SB21B.15980,,,ORG,Spectrum,,,,,,400 Atlantic St,,Stamford,CT,06901,,,2024-06-10,31000.00,,PAC Advertising,,,,,,,,,,,,,,,,,,,,
SB21B,C00625566,SB21B.15982,,,ORG,Stamps.com,,,,,,1990 E. Grand Ave,,El Segundo,CA,90245,,,2024-04-29,284.28,,Postage Services,,,,,,,,,,,,,,,,,,,,
SB21B,C00625566,SB21B.15983,,,ORG,Stamps.com,,,,,,1990 E. Grand Ave,,El Segundo,CA,90245,,,2024-05-13,29.99,,Postage Services,,,,,,,,,,,,,,,,,,,,
SB21B,C00625566,SB21B.15984,,,ORG,Stamps.com,,,,,,1990 E. Grand Ave,,El Segundo,CA,90245,,,2024-05-28,52.24,,Postage Services,,,,,,,,,,,,,,,,,,,,
SB21B,C00625566,SB21B.15985,,,ORG,Stamps.com,,,,,,1990 E. Grand Ave,,El Segundo,CA,90245,,,2024-06-11,29.99,,Postage Services,,,,,,,,,,,,,,,,,,,,
SB21B,C00625566,SB21B.15986,,,ORG,Stamps.com,,,,,,1990 E. Grand Ave,,El Segundo,CA,90245,,,2024-06-27,52.24,,Postage Services,,,,,,,,,,,,,,,,,,,,
SB21B,C00625566,SB21B.15987,,,ORG,Stamps.com,,,,,,1990 E. Grand Ave,,El Segundo,CA,90245,,,2024-06-27,151.90,,Postage Services,,,,,,,,,,,,,,,,,,,,
SB21B,C00625566,SB21B.15989,,,ORG,Staples,,,,,,500 Staples Dr,,Framingham,MA,01702,,,2024-04-04,150.34,,Office Supplies and Services,,,,,,,,,,,,,,,,,,,,
SB21B,C00625566,SB21B.15990,,,ORG,Staples,,,,,,500 Staples Dr,,Framingham,MA,01702,,,2024-05-02,429.28,,Office Supplies and Services,,,,,,,,,,,,,,,,,,,,
SB21B,C00625566,SB21B.15991,,,ORG,Staples,,,,,,500 Staples Dr,,Framingham,MA,01702,,,2024-05-02,143.09,,Office Supplies and Services,,,,,,,,,,,,,,,,,,,,
SB21B,C00625566,SB21B.15992,,,ORG,Staples,,,,,,500 Staples Dr,,Framingham,MA,01702,,,2024-05-02,180.19,,Office Supplies and Services,,,,,,,,,,,,,,,,,,,,
SB21B,C00625566,SB21B.15993,,,ORG,Staples,,,,,,500 Staples Dr,,Framingham,MA,01702,,,2024-05-02,37.08,,Office Supplies and Services,,,,,,,,,,,,,,,,,,,,
SB21B,C00625566,SB21B.16088,,,ORG,Staples,,,,,,500 Staples Dr,,Framingham,MA,01702,,,2024-05-02,429.28,,Office Supplies,,,,,,,,,,,,,,,,,,,,
SB21B,C00625566,SB21B.15994,,,ORG,Staples,,,,,,500 Staples Dr,,Framingham,MA,01702,,,2024-05-06,99.13,,Office Supplies and Services,,,,,,,,,,,,,,,,,,,,
SB21B,C00625566,SB21B.15995,,,ORG,Staples,,,,,,500 Staples Dr,,Framingham,MA,01702,,,2024-05-28,27.00,,Office Supplies and Services,,,,,,,,,,,,,,,,,,,,
SB21B,C00625566,SB21B.15997,,,ORG,The Landline Company,,,,,,113 S College Ave,,Fort Collins,CO,80524,,,2024-04-15,58.00,,Staff Transportation,,,,,,,,,,,,,,,,,,,,
SB21B,C00625566,SB21B.15998,,,ORG,The Landline Company,,,,,,113 S College Ave,,Fort Collins,CO,80524,,,2024-04-17,29.00,,Staff Transportation,,,,,,,,,,,,,,,,,,,,
SB21B,C00625566,SB21B.15999,,,ORG,The Landline Company,,,,,,113 S College Ave,,Fort Collins,CO,80524,,,2024-04-22,58.00,,Staff Transportation,,,,,,,,,,,,,,,,,,,,
SB21B,C00625566,SB21B.16000,,,ORG,The Landline Company,,,,,,113 S College Ave,,Fort Collins,CO,80524,,,2024-05-15,35.00,,Staff Transportation,,,,,,,,,,,,,,,,,,,,
SB21B,C00625566,SB21B.16001,,,ORG,The Landline Company,,,,,,113 S College Ave,,Fort Collins,CO,80524,,,2024-05-29,35.00,,Staff Transportation,,,,,,,,,,,,,,,,,,,,
SB21B,C00625566,SB21B.16002,,,ORG,The Landline Company,,,,,,113 S College Ave,,Fort Collins,CO,80524,,,2024-06-17,35.00,,Staff Transportation,,,,,,,,,,,,,,,,,,,,
SB21B,C00625566,SB21B.16007,,,ORG,Uber,,,,,,1455 Market St,,San Francisco,CA,94103,,,2024-04-22,83.50,,Staff Transportation,,,,,,,,,,,,,,,,,,,,
SB21B,C00625566,SB21B.16008,,,ORG,Uber,,,,,,1455 Market St,,San Francisco,CA,94103,,,2024-04-24,19.92,,Staff Transportation,,,,,,,,,,,,,,,,,,,,
SB21B,C00625566,SB21B.16009,,,ORG,Uber,,,,,,1455 Market St,,San Francisco,CA,94103,,,2024-04-24,96.00,,Staff Transportation,,,,,,,,,,,,,,,,,,,,
SB21B,C00625566,SB21B.16010,,,ORG,Uber,,,,,,1455 Market St,,San Francisco,CA,94103,,,2024-04-29,18.90,,Staff Transportation,,,,,,,,,,,,,,,,,,,,
SB21B,C00625566,SB21B.16011,,,ORG,Uber,,,,,,1455 Market St,,San Francisco,CA,94103,,,2024-04-29,22.92,,Staff Transportation,,,,,,,,,,,,,,,,,,,,
SB21B,C00625566,SB21B.16012,,,ORG,Uber,,,,,,1455 Market St,,San Francisco,CA,94103,,,2024-04-30,7.50,,Staff Transportation,,,,,,,,,,,,,,,,,,,,
SB21B,C00625566,SB21B.16013,,,ORG,Uber,,,,,,1455 Market St,,San Francisco,CA,94103,,,2024-04-30,7.80,,Staff Transportation,,,,,,,,,,,,,,,,,,,,
SB21B,C00625566,SB21B.16014,,,ORG,Uber,,,,,,1455 Market St,,San Francisco,CA,94103,,,2024-04-30,16.95,,Staff Transportation,,,,,,,,,,,,,,,,,,,,
SB21B,C00625566,SB21B.16015,,,ORG,Uber,,,,,,1455 Market St,,San Francisco,CA,94103,,,2024-05-08,23.20,,Staff Transportation,,,,,,,,,,,,,,,,,,,,
SB21B,C00625566,SB21B.16016,,,ORG,Uber,,,,,,1455 Market St,,San Francisco,CA,94103,,,2024-05-15,5.20,,Staff Transportation,,,,,,,,,,,,,,,,,,,,
SB21B,C00625566,SB21B.16017,,,ORG,Uber,,,,,,1455 Market St,,San Francisco,CA,94103,,,2024-05-16,26.68,,Staff Transportation,,,,,,,,,,,,,,,,,,,,
SB21B,C00625566,SB21B.16018,,,ORG,Uber,,,,,,1455 Market St,,San Francisco,CA,94103,,,2024-05-16,15.58,,Staff Transportation,,,,,,,,,,,,,,,,,,,,
SB21B,C00625566,SB21B.16019,,,ORG,Uber,,,,,,1455 Market St,,San Francisco,CA,94103,,,2024-05-16,5.00,,Staff Transportation,,,,,,,,,,,,,,,,,,,,
SB21B,C00625566,SB21B.16020,,,ORG,Uber,,,,,,1455 Market St,,San Francisco,CA,94103,,,2024-05-23,4.00,,Staff Transportation,,,,,,,,,,,,,,,,,,,,
SB21B,C00625566,SB21B.16021,,,ORG,Uber,,,,,,1455 Market St,,San Francisco,CA,94103,,,2024-05-23,29.00,,Staff Transportation,,,,,,,,,,,,,,,,,,,,
SB21B,C00625566,SB21B.16022,,,ORG,Uber,,,,,,1455 Market St,,San Francisco,CA,94103,,,2024-06-10,20.97,,Staff Transportation,,,,,,,,,,,,,,,,,,,,
SB21B,C00625566,SB21B.16023,,,ORG,Uber,,,,,,1455 Market St,,San Francisco,CA,94103,,,2024-06-10,8.24,,Staff Transportation,,,,,,,,,,,,,,,,,,,,
SB21B,C00625566,SB21B.16024,,,ORG,Uber,,,,,,1455 Market St,,San Francisco,CA,94103,,,2024-06-10,7.38,,Staff Transportation,,,,,,,,,,,,,,,,,,,,
SB21B,C00625566,SB21B.16025,,,ORG,Uber,,,,,,1455 Market St,,San Francisco,CA,94103,,,2024-06-10,7.35,,Staff Transportation,,,,,,,,,,,,,,,,,,,,
SB21B,C00625566,SB21B.16026,,,ORG,Uber,,,,,,1455 Market St,,San Francisco,CA,94103,,,2024-06-11,16.56,,Staff Transportation,,,,,,,,,,,,,,,,,,,,
SB21B,C00625566,SB21B.16027,,,ORG,Uber,,,,,,1455 Market St,,San Francisco,CA,94103,,,2024-06-13,1.00,,Staff Transportation,,,,,,,,,,,,,,,,,,,,
SB21B,C00625566,SB21B.16028,,,ORG,Uber,,,,,,1455 Market St,,San Francisco,CA,94103,,,2024-06-13,38.61,,Staff Transportation,,,,,,,,,,,,,,,,,,,,
SB21B,C00625566,SB21B.16029,,,ORG,Uber Eats,,,,,,1455 Market St,,San Francisco,CA,94103,,,2024-04-23,48.07,,Staff Travel Meal,,,,,,,,,,,,,,,,,,,,
SB21B,C00625566,SB21B.16030,,,ORG,Uber Eats,,,,,,1455 Market St,,San Francisco,CA,94103,,,2024-04-24,27.27,,Staff Travel Meal,,,,,,,,,,,,,,,,,,,,
SB21B,C00625566,SB21B.16031,,,ORG,Uber Eats,,,,,,1455 Market St,,San Francisco,CA,94103,,,2024-04-24,13.13,,Staff Travel Meal,,,,,,,,,,,,,,,,,,,,
SB21B,C00625566,SB21B.16032,,,ORG,Uber Eats,,,,,,1455 Market St,,San Francisco,CA,94103,,,2024-04-24,5.00,,Staff Travel Meal,,,,,,,,,,,,,,,,,,,,
SB21B,C00625566,SB21B.16033,,,ORG,Uber Eats,,,,,,1455 Market St,,San Francisco,CA,94103,,,2024-04-29,28.76,,Staff Travel Meal,,,,,,,,,,,,,,,,,,,,
SB21B,C00625566,SB21B.16034,,,ORG,Uber Eats,,,,,,1455 Market St,,San Francisco,CA,94103,,,2024-04-29,75.25,,Staff Travel Meal,,,,,,,,,,,,,,,,,,,,
SB21B,C00625566,SB21B.16035,,,ORG,Uber Eats,,,,,,1455 Market St,,San Francisco,CA,94103,,,2024-05-08,28.13,,Staff Travel Meal,,,,,,,,,,,,,,,,,,,,
SB21B,C00625566,SB21B.16036,,,ORG,Uber Eats,,,,,,1455 Market St,,San Francisco,CA,94103,,,2024-05-08,43.28,,Staff Travel Meal,,,,,,,,,,,,,,,,,,,,
SB21B,C00625566,SB21B.16037,,,ORG,Uber Eats,,,,,,1455 Market St,,San Francisco,CA,94103,,,2024-05-23,32.44,,Staff Travel Meal,,,,,,,,,,,,,,,,,,,,
SB21B,C00625566,SB21B.16038,,,ORG,Uber Eats,,,,,,1455 Market St,,San Francisco,CA,94103,,,2024-05-28,46.65,,Staff Travel Meal,,,,,,,,,,,,,,,,,,,,
SB21B,C00625566,SB21B.16039,,,ORG,Uber Eats,,,,,,1455 Market St,,San Francisco,CA,94103,,,2024-05-28,31.00,,Staff Travel Meal,,,,,,,,,,,,,,,,,,,,
SB21B,C00625566,SB21B.16040,,,ORG,Uber Eats,,,,,,1455 Market St,,San Francisco,CA,94103,,,2024-06-17,34.00,,Staff Travel Meal,,,,,,,,,,,,,,,,,,,,
SB21B,C00625566,SB21B.16041,,,ORG,US Postal Services,,,,,,475 LEnfant Plaza SW,,Washington,DC,20024,,,2024-04-02,300.00,,Postage and Services,,,,,,,,,,,,,,,,,,,,
SB21B,C00625566,SB21B.16042,,,ORG,US Postal Services,,,,,,475 LEnfant Plaza SW,,Washington,DC,20024,,,2024-04-16,300.00,,Postage and Services,,,,,,,,,,,,,,,,,,,,
SB21B,C00625566,SB21B.16043,,,ORG,US Postal Services,,,,,,475 LEnfant Plaza SW,,Washington,DC,20024,,,2024-04-16,100.00,,Postage and Services,,,,,,,,,,,,,,,,,,,,
SB21B,C00625566,SB21B.16044,,,ORG,US Postal Services,,,,,,475 LEnfant Plaza SW,,Washington,DC,20024,,,2024-04-16,300.00,,Postage and Services,,,,,,,,,,,,,,,,,,,,
SB21B,C00625566,SB21B.16045,,,ORG,US Postal Services,,,,,,475 LEnfant Plaza SW,,Washington,DC,20024,,,2024-04-25,100.00,,Postage and Services,,,,,,,,,,,,,,,,,,,,
SB21B,C00625566,SB21B.16046,,,ORG,US Postal Services,,,,,,475 LEnfant Plaza SW,,Washington,DC,20024,,,2024-04-26,400.00,,Postage and Services,,,,,,,,,,,,,,,,,,,,
SB21B,C00625566,SB21B.16047,,,ORG,US Postal Services,,,,,,475 LEnfant Plaza SW,,Washington,DC,20024,,,2024-05-01,734.35,,Postage and Services,,,,,,,,,,,,,,,,,,,,
SB21B,C00625566,SB21B.16048,,,ORG,US Postal Services,,,,,,475 LEnfant Plaza SW,,Washington,DC,20024,,,2024-05-07,100.00,,Postage and Services,,,,,,,,,,,,,,,,,,,,
SB21B,C00625566,SB21B.16049,,,ORG,US Postal Services,,,,,,475 LEnfant Plaza SW,,Washington,DC,20024,,,2024-05-07,100.00,,Postage and Services,,,,,,,,,,,,,,,,,,,,
SB21B,C00625566,SB21B.16050,,,ORG,US Postal Services,,,,,,475 LEnfant Plaza SW,,Washington,DC,20024,,,2024-05-09,450.00,,Postage and Services,,,,,,,,,,,,,,,,,,,,
SB21B,C00625566,SB21B.16051,,,ORG,US Postal Services,,,,,,475 LEnfant Plaza SW,,Washington,DC,20024,,,2024-05-16,400.00,,Postage and Services,,,,,,,,,,,,,,,,,,,,
SB21B,C00625566,SB21B.16052,,,ORG,US Postal Services,,,,,,475 LEnfant Plaza SW,,Washington,DC,20024,,,2024-05-21,300.00,,Postage and Services,,,,,,,,,,,,,,,,,,,,
SB21B,C00625566,SB21B.16053,,,ORG,US Postal Services,,,,,,475 LEnfant Plaza SW,,Washington,DC,20024,,,2024-05-21,100.00,,Postage and Services,,,,,,,,,,,,,,,,,,,,
SB21B,C00625566,SB21B.16054,,,ORG,US Postal Services,,,,,,475 LEnfant Plaza SW,,Washington,DC,20024,,,2024-05-21,50.00,,Postage and Services,,,,,,,,,,,,,,,,,,,,
SB21B,C00625566,SB21B.16055,,,ORG,US Postal Services,,,,,,475 LEnfant Plaza SW,,Washington,DC,20024,,,2024-05-23,400.00,,Postage and Services,,,,,,,,,,,,,,,,,,,,
SB21B,C00625566,SB21B.16056,,,ORG,US Postal Services,,,,,,475 LEnfant Plaza SW,,Washington,DC,20024,,,2024-05-28,400.00,,Postage and Services,,,,,,,,,,,,,,,,,,,,
SB21B,C00625566,SB21B.16057,,,ORG,US Postal Services,,,,,,475 LEnfant Plaza SW,,Washington,DC,20024,,,2024-06-03,400.00,,Postage and Services,,,,,,,,,,,,,,,,,,,,
SB21B,C00625566,SB21B.16058,,,ORG,US Postal Services,,,,,,475 LEnfant Plaza SW,,Washington,DC,20024,,,2024-06-10,150.00,,Postage and Services,,,,,,,,,,,,,,,,,,,,
SB21B,C00625566,SB21B.16059,,,ORG,US Postal Services,,,,,,475 LEnfant Plaza SW,,Washington,DC,20024,,,2024-06-17,400.00,,Postage and Services,,,,,,,,,,,,,,,,,,,,
SB21B,C00625566,SB21B.16060,,,ORG,US Postal Services,,,,,,475 LEnfant Plaza SW,,Washington,DC,20024,,,2024-06-24,150.00,,Postage and Services,,,,,,,,,,,,,,,,,,,,
SB21B,C00625566,SB21B.16061,,,ORG,US Postal Services,,,,,,475 LEnfant Plaza SW,,Washington,DC,20024,,,2024-06-26,150.00,,Postage and Services,,,,,,,,,,,,,,,,,,,,
SB21B,C00625566,SB21B.16062,,,ORG,Valet Connections,,,,,,27299 Wick Rd,,Taylor,MI,48180,,,2024-04-10,85.00,,Staff Transportation,,,,,,,,,,,,,,,,,,,,
SB21B,C00625566,SB21B.16063,,,ORG,Valet Connections,,,,,,27299 Wick Rd,,Taylor,MI,48180,,,2024-04-22,105.00,,Staff Transportation,,,,,,,,,,,,,,,,,,,,
SB21B,C00625566,SB21B.16064,,,ORG,Valet Connections,,,,,,27299 Wick Rd,,Taylor,MI,48180,,,2024-05-02,10.00,,Staff Transportation,,,,,,,,,,,,,,,,,,,,
SB21B,C00625566,SB21B.16065,,,ORG,Valet Connections,,,,,,27299 Wick Rd,,Taylor,MI,48180,,,2024-05-22,75.00,,Staff Transportation,,,,,,,,,,,,,,,,,,,,
SB21B,C00625566,SB21B.16066,,,ORG,Valet Connections,,,,,,27299 Wick Rd,,Taylor,MI,48180,,,2024-06-04,55.00,,Staff Transportation,,,,,,,,,,,,,,,,,,,,
SB21B,C00625566,SB21B.16067,,,ORG,Valet Connections,,,,,,27299 Wick Rd,,Taylor,MI,48180,,,2024-06-17,95.00,,Staff Transportation,,,,,,,,,,,,,,,,,,,,
SB21B,C00625566,SB21B.16093,,,ORG,Wells Fargo Bank,,,,,,PO Box 6995,,Portland,OR,97228,,,2024-04-30,171.00,,Bank Fee,,,,,,,,,,,,,,,,,,,,
SB21B,C00625566,SB21B.16094,,,ORG,Wells Fargo Bank,,,,,,PO Box 6995,,Portland,OR,97228,,,2024-05-31,30.00,,Bank Fee,,,,,,,,,,,,,,,,,,,,
SB21B,C00625566,SB21B.16095,,,ORG,Wells Fargo Bank,,,,,,PO Box 6995,,Portland,OR,97228,,,2024-06-30,191.00,,Bank Fee,,,,,,,,,,,,,,,,,,,,
