form_type,filer_committee_id_number,transaction_id_number,back_reference_tran_id_number,back_reference_sched_name,entity_type,payee_organization_name,payee_last_name,payee_first_name,payee_middle_name,payee_prefix,payee_suffix,payee_street_1,payee_street_2,payee_city,payee_state,payee_zip_code,election_code,election_other_description,expenditure_date,expenditure_amount,semi_annual_refunded_bundled_amt,expenditure_purpose_descrip,category_code,beneficiary_committee_fec_id,beneficiary_committee_name,beneficiary_candidate_fec_id,beneficiary_candidate_last_name,beneficiary_candidate_first_name,beneficiary_candidate_middle_name,beneficiary_candidate_prefix,beneficiary_candidate_suffix,beneficiary_candidate_office,beneficiary_candidate_state,beneficiary_candidate_district,conduit_name,conduit_street_1,conduit_street_2,conduit_city,conduit_state,conduit_zip_code,memo_code,memo_text_description,reference_to_si_or_sl_system_code_that_identifies_the_account
SB21B,C00826461,SB21B.4231,,,IND,,Lemets',Vladimir,,,,3071 NW 107th Ave,,Coral Springs,FL,33065,P2023,,2023-06-08,2500.00,,Website Development,,,,,,,,,,,,,,,,,,,,
SB21B,C00826461,SB21B.4235,,,ORG,"Smith & Liss, LLC",,,,,,5 Concourse Pkwy,Ste. 2600,Atlanta,GA,30328,P2023,,2023-06-20,1500.00,,Legal Fees,,,,,,,,,,,,,,,,,,,,
SB21B,C00826461,SB21B.4233,,,ORG,"Troy Brewer CPA, Inc",,,,,,95 White Bridge Rd,Ste. 207,Nashville,TN,37205,P2023,,2023-06-08,1260.00,,Compliance / Accounting,,,,,,,,,,,,,,,,,,,,
SB21B,C00826461,SB21B.4240,,,IND,,Wihbey,Paul,,,,1111 Arlington Blvd,,Arlington,VA,22209,P2023,,2023-04-01,15020.00,,List Management,,,,,,,,,,,,,,,,,,,,
SB21B,C00826461,SB21B.4217,,,IND,,Wong,Angie,,,,68 SE 6th St,Ste. 2502,Miami,FL,33131,P2023,,2023-05-15,3300.00,,Reimbursement: See Below,,,,,,,,,,,,,,,,,,,,
SB21B,C00826461,SB21B.4217.0,SB21B.4217,SB21B,ORG,American Airlines,,,,,,4000 E Sky Harbor Blvd,,Phoenix,AZ,85034,P2023,,2023-05-15,257.81,,Travel,,,,,,,,,,,,,,,,,,,X,
SB21B,C00826461,SB21B.4217.1,SB21B.4217,SB21B,ORG,American Airlines,,,,,,4000 E Sky Harbor Blvd,,Phoenix,AZ,85034,P2023,,2023-05-15,757.80,,Travel,,,,,,,,,,,,,,,,,,,X,
SB21B,C00826461,SB21B.4217.2,SB21B.4217,SB21B,ORG,The Cosmopolitan of Las Vegas,,,,,,3708 Las Vegas Blvd S,,Las Vegas,NV,89109,P2023,,2023-05-15,980.94,,Travel,,,,,,,,,,,,,,,,,,,X,
SB21B,C00826461,SB21B.4217.3,SB21B.4217,SB21B,IND,,Wong,Angie,,,,68 SE 6th St,Ste. 2502,Miami,FL,33131,P2023,,2023-05-15,1170.00,,Mileage,,,,,,,,,,,,,,,,,,,X,
