form_type,filer_committee_id_number,transaction_id_number,back_reference_tran_id_number,back_reference_sched_name,entity_type,payee_organization_name,payee_last_name,payee_first_name,payee_middle_name,payee_prefix,payee_suffix,payee_street_1,payee_street_2,payee_city,payee_state,payee_zip_code,election_code,election_other_description,expenditure_date,expenditure_amount,semi_annual_refunded_bundled_amt,expenditure_purpose_descrip,category_code,beneficiary_committee_fec_id,beneficiary_committee_name,beneficiary_candidate_fec_id,beneficiary_candidate_last_name,beneficiary_candidate_first_name,beneficiary_candidate_middle_name,beneficiary_candidate_prefix,beneficiary_candidate_suffix,beneficiary_candidate_office,beneficiary_candidate_state,beneficiary_candidate_district,conduit_name,conduit_street_1,conduit_street_2,conduit_city,conduit_state,conduit_zip_code,memo_code,memo_text_description,reference_to_si_or_sl_system_code_that_identifies_the_account
SB21B,C00300921,SB21B.142214,,,ORG,Alvin Williams,,,,,,1325 G. St NW,,Washington,DC,20005,G2024,,2024-07-01,5500.00,,Administrative and Management - Salary,,,,,,,,,,,,,,,,,,,,
SB21B,C00300921,SB21B.142215,,,ORG,Alvin Williams,,,,,,1325 G. St NW,,Washington,DC,20005,G2024,,2024-07-01,5500.00,,Administrative and Management - Salary,,,,,,,,,,,,,,,,,,,,
SB21B,C00300921,SB21B.142207,,,ORG,Alvin Williams,,,,,,1325 G. St NW,,Washington,DC,20005,G2024,,2024-07-19,1000.00,,Administrative and Management - Salary,,,,,,,,,,,,,,,,,,,,
SB21B,C00300921,SB21B.142210,,,ORG,Alvin Williams,,,,,,1325 G. St NW,,Washington,DC,20005,G2024,,2024-07-19,1000.00,,Administrative and Management - Salary,,,,,,,,,,,,,,,,,,,,
SB21B,C00300921,SB21B.142206,,,ORG,Alvin Williams,,,,,,1325 G. St NW,,Washington,DC,20005,G2024,,2024-07-23,1000.00,,Administrative and Management - Salary,,,,,,,,,,,,,,,,,,,,
SB21B,C00300921,SB21B.142208,,,ORG,Alvin Williams,,,,,,1325 G. St NW,,Washington,DC,20005,G2024,,2024-07-23,1000.00,,Administrative and Management - Salary,,,,,,,,,,,,,,,,,,,,
SB21B,C00300921,SB21B.142216,,,ORG,Alvin Williams,,,,,,1325 G. St NW,,Washington,DC,20005,G2024,,2024-08-01,6250.00,,Administrative and Management - Salary,,,,,,,,,,,,,,,,,,,,
SB21B,C00300921,SB21B.142217,,,ORG,Alvin Williams,,,,,,1325 G. St NW,,Washington,DC,20005,G2024,,2024-08-01,6250.00,,Administrative and Management - Salary,,,,,,,,,,,,,,,,,,,,
SB21B,C00300921,SB21B.142209,,,ORG,Alvin Williams,,,,,,1325 G. St NW,,Washington,DC,20005,G2024,,2024-08-14,1250.00,,Administrative and Management - Salary,,,,,,,,,,,,,,,,,,,,
SB21B,C00300921,SB21B.142213,,,ORG,Alvin Williams,,,,,,1325 G. St NW,,Washington,DC,20005,G2024,,2024-08-14,1250.00,,Administrative and Management - Salary,,,,,,,,,,,,,,,,,,,,
SB21B,C00300921,SB21B.142218,,,ORG,Alvin Williams,,,,,,1325 G. St NW,,Washington,DC,20005,G2024,,2024-09-03,6500.00,,Administrative and Management - Salary,,,,,,,,,,,,,,,,,,,,
SB21B,C00300921,SB21B.142219,,,ORG,Alvin Williams,,,,,,1325 G. St NW,,Washington,DC,20005,G2024,,2024-09-03,6500.00,,Administrative and Management - Salary,,,,,,,,,,,,,,,,,,,,
SB21B,C00300921,SB21B.142211,,,ORG,Alvin Williams,,,,,,1325 G. St NW,,Washington,DC,20005,G2024,,2024-09-23,1000.00,,Administrative and Management - Salary,,,,,,,,,,,,,,,,,,,,
SB21B,C00300921,SB21B.142212,,,ORG,Alvin Williams,,,,,,1325 G. St NW,,Washington,DC,20005,G2024,,2024-09-23,1000.00,,Administrative and Management - Salary,,,,,,,,,,,,,,,,,,,,
SB21B,C00300921,SB21B.142220,,,ORG,Alvin Williams HSA,,,,,,1325 G. St NW,,Washington,DC,20005,G2024,,2024-07-01,500.00,,Administrative and Management - Salary,,,,,,,,,,,,,,,,,,,,
SB21B,C00300921,SB21B.142221,,,ORG,Alvin Williams HSA,,,,,,1325 G. St NW,,Washington,DC,20005,G2024,,2024-08-06,1000.00,,Administrative and Management - Salary,,,,,,,,,,,,,,,,,,,,
SB21B,C00300921,SB21B.142222,,,ORG,American Express,,,,,,200 Vesey St,,New York,NY,10281,G2024,,2024-09-02,695.00,,Bank Fee,,,,,,,,,,,,,,,,,,,,
SB21B,C00300921,SB21B.142023,,,ORG,AMH Print Group,,,,,,PO Box 518,,Mechanicsville,VA,23111,G2024,,2024-07-23,3800.15,,Printing,,,,,,,,,,,,,,,,,,,,
SB21B,C00300921,SB21B.142024,,,ORG,AMH Print Group,,,,,,PO Box 518,,Mechanicsville,VA,23111,G2024,,2024-08-05,8400.82,,Printing,,,,,,,,,,,,,,,,,,,,
SB21B,C00300921,SB21B.142025,,,ORG,AMH Print Group,,,,,,PO Box 518,,Mechanicsville,VA,23111,G2024,,2024-08-12,1799.35,,Printing,,,,,,,,,,,,,,,,,,,,
SB21B,C00300921,SB21B.142026,,,ORG,AMH Print Group,,,,,,PO Box 518,,Mechanicsville,VA,23111,G2024,,2024-09-09,4088.46,,Printing,,,,,,,,,,,,,,,,,,,,
SB21B,C00300921,SB21B.142027,,,ORG,AMH Print Group,,,,,,PO Box 518,,Mechanicsville,VA,23111,G2024,,2024-09-30,4310.38,,Printing,,,,,,,,,,,,,,,,,,,,
SB21B,C00300921,SB21B.142234,,,ORG,Apple Online,,,,,,1 Infinite Loop,,Cupertino,CA,95014,G2024,,2024-07-06,96.00,,Website Service,,,,,,,,,,,,,,,,,,,,
SB21B,C00300921,SB21B.142229,,,ORG,Apple Online,,,,,,1 Infinite Loop,,Cupertino,CA,95014,G2024,,2024-07-19,21.19,,Website Service,,,,,,,,,,,,,,,,,,,,
SB21B,C00300921,SB21B.142226,,,ORG,Apple Online,,,,,,1 Infinite Loop,,Cupertino,CA,95014,G2024,,2024-07-20,12.71,,Website Service,,,,,,,,,,,,,,,,,,,,
SB21B,C00300921,SB21B.142223,,,ORG,Apple Online,,,,,,1 Infinite Loop,,Cupertino,CA,95014,G2024,,2024-07-25,3.17,,Website Service,,,,,,,,,,,,,,,,,,,,
SB21B,C00300921,SB21B.142227,,,ORG,Apple Online,,,,,,1 Infinite Loop,,Cupertino,CA,95014,G2024,,2024-08-12,12.71,,Website Service,,,,,,,,,,,,,,,,,,,,
SB21B,C00300921,SB21B.142224,,,ORG,Apple Online,,,,,,1 Infinite Loop,,Cupertino,CA,95014,G2024,,2024-08-25,3.17,,Website Service,,,,,,,,,,,,,,,,,,,,
SB21B,C00300921,SB21B.142231,,,ORG,Apple Online,,,,,,1 Infinite Loop,,Cupertino,CA,95014,G2024,,2024-08-28,33.90,,Website Service,,,,,,,,,,,,,,,,,,,,
SB21B,C00300921,SB21B.142230,,,ORG,Apple Online,,,,,,1 Infinite Loop,,Cupertino,CA,95014,G2024,,2024-09-09,21.19,,Website Service,,,,,,,,,,,,,,,,,,,,
SB21B,C00300921,SB21B.142232,,,ORG,Apple Online,,,,,,1 Infinite Loop,,Cupertino,CA,95014,G2024,,2024-09-09,37.09,,Website Service,,,,,,,,,,,,,,,,,,,,
SB21B,C00300921,SB21B.142233,,,ORG,Apple Online,,,,,,1 Infinite Loop,,Cupertino,CA,95014,G2024,,2024-09-14,38.15,,Website Service,,,,,,,,,,,,,,,,,,,,
SB21B,C00300921,SB21B.142225,,,ORG,Apple Online,,,,,,1 Infinite Loop,,Cupertino,CA,95014,G2024,,2024-09-25,3.17,,Website Service,,,,,,,,,,,,,,,,,,,,
SB21B,C00300921,SB21B.142228,,,ORG,Apple Online,,,,,,1 Infinite Loop,,Cupertino,CA,95014,G2024,,2024-09-30,12.71,,Website Service,,,,,,,,,,,,,,,,,,,,
SB21B,C00300921,SB21B.142028,,,ORG,"Campaign Funding Direct, Inc.",,,,,,"1420 Spring Hill Road, Suite 490",,McLean,VA,22102,G2024,,2024-07-01,17.06,,Direct Mail Services,,,,,,,,,,,,,,,,,,,,
SB21B,C00300921,SB21B.142029,,,ORG,"Campaign Funding Direct, Inc.",,,,,,"1420 Spring Hill Road, Suite 490",,McLean,VA,22102,G2024,,2024-07-01,164.59,,Direct Mail Services,,,,,,,,,,,,,,,,,,,,
SB21B,C00300921,SB21B.142030,,,ORG,"Campaign Funding Direct, Inc.",,,,,,"1420 Spring Hill Road, Suite 490",,McLean,VA,22102,G2024,,2024-07-01,2432.80,,Direct Mail Services,,,,,,,,,,,,,,,,,,,,
SB21B,C00300921,SB21B.142031,,,ORG,"Campaign Funding Direct, Inc.",,,,,,"1420 Spring Hill Road, Suite 490",,McLean,VA,22102,G2024,,2024-07-08,108.10,,Direct Mail Services,,,,,,,,,,,,,,,,,,,,
SB21B,C00300921,SB21B.142032,,,ORG,"Campaign Funding Direct, Inc.",,,,,,"1420 Spring Hill Road, Suite 490",,McLean,VA,22102,G2024,,2024-07-08,511.29,,Direct Mail Services,,,,,,,,,,,,,,,,,,,,
SB21B,C00300921,SB21B.142033,,,ORG,"Campaign Funding Direct, Inc.",,,,,,"1420 Spring Hill Road, Suite 490",,McLean,VA,22102,G2024,,2024-07-15,701.88,,Direct Mail Services,,,,,,,,,,,,,,,,,,,,
SB21B,C00300921,SB21B.142034,,,ORG,"Campaign Funding Direct, Inc.",,,,,,"1420 Spring Hill Road, Suite 490",,McLean,VA,22102,G2024,,2024-07-15,3590.67,,Direct Mail Services,,,,,,,,,,,,,,,,,,,,
SB21B,C00300921,SB21B.142035,,,ORG,"Campaign Funding Direct, Inc.",,,,,,"1420 Spring Hill Road, Suite 490",,McLean,VA,22102,G2024,,2024-07-23,137.74,,Direct Mail Services,,,,,,,,,,,,,,,,,,,,
SB21B,C00300921,SB21B.142036,,,ORG,"Campaign Funding Direct, Inc.",,,,,,"1420 Spring Hill Road, Suite 490",,McLean,VA,22102,G2024,,2024-07-23,552.12,,Direct Mail Services,,,,,,,,,,,,,,,,,,,,
SB21B,C00300921,SB21B.142037,,,ORG,"Campaign Funding Direct, Inc.",,,,,,"1420 Spring Hill Road, Suite 490",,McLean,VA,22102,G2024,,2024-07-29,87.65,,Direct Mail Services,,,,,,,,,,,,,,,,,,,,
SB21B,C00300921,SB21B.142038,,,ORG,"Campaign Funding Direct, Inc.",,,,,,"1420 Spring Hill Road, Suite 490",,McLean,VA,22102,G2024,,2024-07-29,98.56,,Direct Mail Services,,,,,,,,,,,,,,,,,,,,
SB21B,C00300921,SB21B.142039,,,ORG,"Campaign Funding Direct, Inc.",,,,,,"1420 Spring Hill Road, Suite 490",,McLean,VA,22102,G2024,,2024-07-29,244.25,,Direct Mail Services,,,,,,,,,,,,,,,,,,,,
SB21B,C00300921,SB21B.142040,,,ORG,"Campaign Funding Direct, Inc.",,,,,,"1420 Spring Hill Road, Suite 490",,McLean,VA,22102,G2024,,2024-07-29,249.51,,Direct Mail Services,,,,,,,,,,,,,,,,,,,,
SB21B,C00300921,SB21B.142041,,,ORG,"Campaign Funding Direct, Inc.",,,,,,"1420 Spring Hill Road, Suite 490",,McLean,VA,22102,G2024,,2024-07-29,586.29,,Direct Mail Services,,,,,,,,,,,,,,,,,,,,
SB21B,C00300921,SB21B.142042,,,ORG,"Campaign Funding Direct, Inc.",,,,,,"1420 Spring Hill Road, Suite 490",,McLean,VA,22102,G2024,,2024-07-29,98.49,,Direct Mail Services,,,,,,,,,,,,,,,,,,,,
SB21B,C00300921,SB21B.142043,,,ORG,"Campaign Funding Direct, Inc.",,,,,,"1420 Spring Hill Road, Suite 490",,McLean,VA,22102,G2024,,2024-07-29,3814.96,,Direct Mail Services,,,,,,,,,,,,,,,,,,,,
SB21B,C00300921,SB21B.142044,,,ORG,"Campaign Funding Direct, Inc.",,,,,,"1420 Spring Hill Road, Suite 490",,McLean,VA,22102,G2024,,2024-07-29,3814.96,,Direct Mail Services,,,,,,,,,,,,,,,,,,,,
SB21B,C00300921,SB21B.142045,,,ORG,"Campaign Funding Direct, Inc.",,,,,,"1420 Spring Hill Road, Suite 490",,McLean,VA,22102,G2024,,2024-08-05,6020.92,,Direct Mail Services,,,,,,,,,,,,,,,,,,,,
SB21B,C00300921,SB21B.142046,,,ORG,"Campaign Funding Direct, Inc.",,,,,,"1420 Spring Hill Road, Suite 490",,McLean,VA,22102,G2024,,2024-08-12,28.75,,Direct Mail Services,,,,,,,,,,,,,,,,,,,,
SB21B,C00300921,SB21B.142047,,,ORG,"Campaign Funding Direct, Inc.",,,,,,"1420 Spring Hill Road, Suite 490",,McLean,VA,22102,G2024,,2024-08-12,204.71,,Direct Mail Services,,,,,,,,,,,,,,,,,,,,
SB21B,C00300921,SB21B.142048,,,ORG,"Campaign Funding Direct, Inc.",,,,,,"1420 Spring Hill Road, Suite 490",,McLean,VA,22102,G2024,,2024-08-12,1062.74,,Direct Mail Services,,,,,,,,,,,,,,,,,,,,
SB21B,C00300921,SB21B.142049,,,ORG,"Campaign Funding Direct, Inc.",,,,,,"1420 Spring Hill Road, Suite 490",,McLean,VA,22102,G2024,,2024-08-19,587.41,,Direct Mail Services,,,,,,,,,,,,,,,,,,,,
SB21B,C00300921,SB21B.142050,,,ORG,"Campaign Funding Direct, Inc.",,,,,,"1420 Spring Hill Road, Suite 490",,McLean,VA,22102,G2024,,2024-09-03,1127.23,,Direct Mail Services,,,,,,,,,,,,,,,,,,,,
SB21B,C00300921,SB21B.142051,,,ORG,"Campaign Funding Direct, Inc.",,,,,,"1420 Spring Hill Road, Suite 490",,McLean,VA,22102,G2024,,2024-09-09,0.66,,Direct Mail Services,,,,,,,,,,,,,,,,,,,,
SB21B,C00300921,SB21B.142052,,,ORG,"Campaign Funding Direct, Inc.",,,,,,"1420 Spring Hill Road, Suite 490",,McLean,VA,22102,G2024,,2024-09-12,113.90,,Direct Mail Services,,,,,,,,,,,,,,,,,,,,
SB21B,C00300921,SB21B.142053,,,ORG,"Campaign Funding Direct, Inc.",,,,,,"1420 Spring Hill Road, Suite 490",,McLean,VA,22102,G2024,,2024-09-12,373.07,,Direct Mail Services,,,,,,,,,,,,,,,,,,,,
SB21B,C00300921,SB21B.142054,,,ORG,"Campaign Funding Direct, Inc.",,,,,,"1420 Spring Hill Road, Suite 490",,McLean,VA,22102,G2024,,2024-09-12,623.85,,Direct Mail Services,,,,,,,,,,,,,,,,,,,,
SB21B,C00300921,SB21B.142055,,,ORG,"Campaign Funding Direct, Inc/Mailing Costs",,,,,,"1420 Spring Hill Road, Suite 490",,McLean,VA,22102,G2024,,2024-08-05,4000.00,,Postage,,,,,,,,,,,,,,,,,,,,
SB21B,C00300921,SB21B.142056,,,ORG,"Campaign Funding Direct, Inc/Mailing Costs",,,,,,"1420 Spring Hill Road, Suite 490",,McLean,VA,22102,G2024,,2024-08-12,2500.00,,Postage,,,,,,,,,,,,,,,,,,,,
SB21B,C00300921,SB21B.142057,,,ORG,"Campaign Funding Direct, Inc/Mailing Costs",,,,,,"1420 Spring Hill Road, Suite 490",,McLean,VA,22102,G2024,,2024-08-26,6000.00,,Postage,,,,,,,,,,,,,,,,,,,,
SB21B,C00300921,SB21B.142241,,,ORG,Carr,,,,,,40 Burton Hls Blvd #415,,Nashville,TN,37215,G2024,,2024-07-02,475.62,,Office Expense,,,,,,,,,,,,,,,,,,,,
SB21B,C00300921,SB21B.142242,,,ORG,Carr,,,,,,40 Burton Hls Blvd #415,,Nashville,TN,37215,G2024,,2024-08-01,477.11,,Office Expense,,,,,,,,,,,,,,,,,,,,
SB21B,C00300921,SB21B.142243,,,ORG,Carr,,,,,,40 Burton Hls Blvd #415,,Nashville,TN,37215,G2024,,2024-09-03,483.72,,Office Expense,,,,,,,,,,,,,,,,,,,,
SB21B,C00300921,SB21B.142244,,,ORG,Clyde's,,,,,,5441 Wisconsin Ave,,Chevy Chase,MD,20815,G2024,,2024-08-19,115.68,,Meals,,,,,,,,,,,,,,,,,,,,
SB21B,C00300921,SB21B.142205,,,ORG,"CP Direct, LLC",,,,,,Dept. 441 PO Box 4458,,Houston,TX,77210,,,2024-08-05,8212.30,,Printing,,,,,,,,,,,,,,,,,,,,
SB21B,C00300921,SB21B.142064,,,ORG,Directmail.com,,,,,,5540 Ketch Road,,Prince Frederick,MD,20678,G2024,,2024-07-08,355.73,,Printing,,,,,,,,,,,,,,,,,,,,
SB21B,C00300921,SB21B.142065,,,ORG,Directmail.com,,,,,,5540 Ketch Road,,Prince Frederick,MD,20678,G2024,,2024-07-08,821.32,,Printing,,,,,,,,,,,,,,,,,,,,
SB21B,C00300921,SB21B.142058,,,ORG,Directmail.com,,,,,,5540 Ketch Road,,Prince Frederick,MD,20678,G2024,,2024-07-23,177.47,,Postage,,,,,,,,,,,,,,,,,,,,
SB21B,C00300921,SB21B.142059,,,ORG,Directmail.com,,,,,,5540 Ketch Road,,Prince Frederick,MD,20678,G2024,,2024-07-23,689.86,,Postage,,,,,,,,,,,,,,,,,,,,
SB21B,C00300921,SB21B.142066,,,ORG,Directmail.com,,,,,,5540 Ketch Road,,Prince Frederick,MD,20678,G2024,,2024-07-29,758.51,,Printing,,,,,,,,,,,,,,,,,,,,
SB21B,C00300921,SB21B.142060,,,ORG,Directmail.com,,,,,,5540 Ketch Road,,Prince Frederick,MD,20678,G2024,,2024-08-19,113.87,,Postage,,,,,,,,,,,,,,,,,,,,
SB21B,C00300921,SB21B.142061,,,ORG,Directmail.com,,,,,,5540 Ketch Road,,Prince Frederick,MD,20678,G2024,,2024-08-19,818.74,,Postage,,,,,,,,,,,,,,,,,,,,
SB21B,C00300921,SB21B.142067,,,ORG,Directmail.com,,,,,,5540 Ketch Road,,Prince Frederick,MD,20678,G2024,,2024-09-03,814.13,,Printing,,,,,,,,,,,,,,,,,,,,
SB21B,C00300921,SB21B.142068,,,ORG,Directmail.com,,,,,,5540 Ketch Road,,Prince Frederick,MD,20678,G2024,,2024-09-09,257.47,,Printing,,,,,,,,,,,,,,,,,,,,
SB21B,C00300921,SB21B.142062,,,ORG,Directmail.com,,,,,,5540 Ketch Road,,Prince Frederick,MD,20678,G2024,,2024-09-23,240.75,,Postage,,,,,,,,,,,,,,,,,,,,
SB21B,C00300921,SB21B.142063,,,ORG,Directmail.com,,,,,,5540 Ketch Road,,Prince Frederick,MD,20678,G2024,,2024-09-23,927.02,,Postage,,,,,,,,,,,,,,,,,,,,
SB21B,C00300921,SB21B.142069,,,ORG,Directmail.com,,,,,,5540 Ketch Road,,Prince Frederick,MD,20678,G2024,,2024-09-30,343.68,,Printing,,,,,,,,,,,,,,,,,,,,
SB21B,C00300921,SB21B.142070,,,ORG,Directmail.com,,,,,,5540 Ketch Road,,Prince Frederick,MD,20678,G2024,,2024-09-30,927.46,,Printing,,,,,,,,,,,,,,,,,,,,
SB21B,C00300921,SB21B.142071,,,ORG,ECG Data Center,,,,,,1420 Spring Hill Road Suite 490,,McLean,VA,22102,G2024,,2024-07-01,82.94,,Database Service,,,,,,,,,,,,,,,,,,,,
SB21B,C00300921,SB21B.142072,,,ORG,ECG Data Center,,,,,,1420 Spring Hill Road Suite 490,,McLean,VA,22102,G2024,,2024-07-01,136.30,,Database Service,,,,,,,,,,,,,,,,,,,,
SB21B,C00300921,SB21B.142073,,,ORG,ECG Data Center,,,,,,1420 Spring Hill Road Suite 490,,McLean,VA,22102,G2024,,2024-07-08,1117.60,,Database Service,,,,,,,,,,,,,,,,,,,,
SB21B,C00300921,SB21B.142074,,,ORG,ECG Data Center,,,,,,1420 Spring Hill Road Suite 490,,McLean,VA,22102,G2024,,2024-07-15,168.18,,Database Service,,,,,,,,,,,,,,,,,,,,
SB21B,C00300921,SB21B.142075,,,ORG,ECG Data Center,,,,,,1420 Spring Hill Road Suite 490,,McLean,VA,22102,G2024,,2024-07-15,2011.00,,Database Service,,,,,,,,,,,,,,,,,,,,
SB21B,C00300921,SB21B.142076,,,ORG,ECG Data Center,,,,,,1420 Spring Hill Road Suite 490,,McLean,VA,22102,G2024,,2024-07-23,152.92,,Database Service,,,,,,,,,,,,,,,,,,,,
SB21B,C00300921,SB21B.142077,,,ORG,ECG Data Center,,,,,,1420 Spring Hill Road Suite 490,,McLean,VA,22102,G2024,,2024-07-23,389.09,,Database Service,,,,,,,,,,,,,,,,,,,,
SB21B,C00300921,SB21B.142078,,,ORG,ECG Data Center,,,,,,1420 Spring Hill Road Suite 490,,McLean,VA,22102,G2024,,2024-07-29,74.09,,Database Service,,,,,,,,,,,,,,,,,,,,
SB21B,C00300921,SB21B.142079,,,ORG,ECG Data Center,,,,,,1420 Spring Hill Road Suite 490,,McLean,VA,22102,G2024,,2024-07-29,107.18,,Database Service,,,,,,,,,,,,,,,,,,,,
SB21B,C00300921,SB21B.142080,,,ORG,ECG Data Center,,,,,,1420 Spring Hill Road Suite 490,,McLean,VA,22102,G2024,,2024-07-29,163.45,,Database Service,,,,,,,,,,,,,,,,,,,,
SB21B,C00300921,SB21B.142081,,,ORG,ECG Data Center,,,,,,1420 Spring Hill Road Suite 490,,McLean,VA,22102,G2024,,2024-07-29,163.26,,Database Service,,,,,,,,,,,,,,,,,,,,
SB21B,C00300921,SB21B.142082,,,ORG,ECG Data Center,,,,,,1420 Spring Hill Road Suite 490,,McLean,VA,22102,G2024,,2024-07-29,2318.49,,Database Service,,,,,,,,,,,,,,,,,,,,
SB21B,C00300921,SB21B.142083,,,ORG,ECG Data Center,,,,,,1420 Spring Hill Road Suite 490,,McLean,VA,22102,G2024,,2024-07-29,2.67,,Database Service,,,,,,,,,,,,,,,,,,,,
SB21B,C00300921,SB21B.142084,,,ORG,ECG Data Center,,,,,,1420 Spring Hill Road Suite 490,,McLean,VA,22102,G2024,,2024-07-29,2.92,,Database Service,,,,,,,,,,,,,,,,,,,,
SB21B,C00300921,SB21B.142085,,,ORG,ECG Data Center,,,,,,1420 Spring Hill Road Suite 490,,McLean,VA,22102,G2024,,2024-07-29,31.68,,Database Service,,,,,,,,,,,,,,,,,,,,
SB21B,C00300921,SB21B.142086,,,ORG,ECG Data Center,,,,,,1420 Spring Hill Road Suite 490,,McLean,VA,22102,G2024,,2024-07-29,71.76,,Database Service,,,,,,,,,,,,,,,,,,,,
SB21B,C00300921,SB21B.142087,,,ORG,ECG Data Center,,,,,,1420 Spring Hill Road Suite 490,,McLean,VA,22102,G2024,,2024-08-05,1115.77,,Database Service,,,,,,,,,,,,,,,,,,,,
SB21B,C00300921,SB21B.142088,,,ORG,ECG Data Center,,,,,,1420 Spring Hill Road Suite 490,,McLean,VA,22102,G2024,,2024-08-12,316.47,,Database Service,,,,,,,,,,,,,,,,,,,,
SB21B,C00300921,SB21B.142089,,,ORG,ECG Data Center,,,,,,1420 Spring Hill Road Suite 490,,McLean,VA,22102,G2024,,2024-08-12,168.74,,Database Service,,,,,,,,,,,,,,,,,,,,
SB21B,C00300921,SB21B.142090,,,ORG,ECG Data Center,,,,,,1420 Spring Hill Road Suite 490,,McLean,VA,22102,G2024,,2024-08-19,33.60,,Database Service,,,,,,,,,,,,,,,,,,,,
SB21B,C00300921,SB21B.142091,,,ORG,ECG Data Center,,,,,,1420 Spring Hill Road Suite 490,,McLean,VA,22102,G2024,,2024-08-19,156.24,,Database Service,,,,,,,,,,,,,,,,,,,,
SB21B,C00300921,SB21B.142092,,,ORG,ECG Data Center,,,,,,1420 Spring Hill Road Suite 490,,McLean,VA,22102,G2024,,2024-09-12,165.67,,Database Service,,,,,,,,,,,,,,,,,,,,
SB21B,C00300921,SB21B.142093,,,ORG,ECG Data Center,,,,,,1420 Spring Hill Road Suite 490,,McLean,VA,22102,G2024,,2024-09-12,308.57,,Database Service,,,,,,,,,,,,,,,,,,,,
SB21B,C00300921,SB21B.142094,,,ORG,ECG Data Center,,,,,,1420 Spring Hill Road Suite 490,,McLean,VA,22102,G2024,,2024-09-12,169.31,,Database Service,,,,,,,,,,,,,,,,,,,,
SB21B,C00300921,SB21B.142095,,,ORG,ECG Data Center,,,,,,1420 Spring Hill Road Suite 490,,McLean,VA,22102,G2024,,2024-09-30,182.50,,Database Service,,,,,,,,,,,,,,,,,,,,
SB21B,C00300921,SB21B.142096,,,ORG,ECG Data Center,,,,,,1420 Spring Hill Road Suite 490,,McLean,VA,22102,G2024,,2024-09-30,1435.61,,Database Service,,,,,,,,,,,,,,,,,,,,
SB21B,C00300921,SB21B.142097,,,ORG,Excel Mailing Services,,,,,,6900 English Muffin Way,,Frederick,MD,21703,G2024,,2024-07-08,34000.00,,Postage,,,,,,,,,,,,,,,,,,,,
SB21B,C00300921,SB21B.142099,,,ORG,Excel Mailing Services,,,,,,6900 English Muffin Way,,Frederick,MD,21703,G2024,,2024-08-05,3523.10,,Printing,,,,,,,,,,,,,,,,,,,,
SB21B,C00300921,SB21B.142100,,,ORG,Excel Mailing Services,,,,,,6900 English Muffin Way,,Frederick,MD,21703,G2024,,2024-08-12,119.10,,Printing,,,,,,,,,,,,,,,,,,,,
SB21B,C00300921,SB21B.142101,,,ORG,Excel Mailing Services,,,,,,6900 English Muffin Way,,Frederick,MD,21703,G2024,,2024-09-03,656.23,,Printing,,,,,,,,,,,,,,,,,,,,
SB21B,C00300921,SB21B.142098,,,ORG,Excel Mailing Services,,,,,,6900 English Muffin Way,,Frederick,MD,21703,G2024,,2024-09-12,18500.00,,Postage,,,,,,,,,,,,,,,,,,,,
SB21B,C00300921,SB21B.142102,,,ORG,Excel Mailing Services,,,,,,6900 English Muffin Way,,Frederick,MD,21703,G2024,,2024-09-12,217.06,,Printing,,,,,,,,,,,,,,,,,,,,
SB21B,C00300921,SB21B.142103,,,ORG,First Virginia,,,,,,11325 Random,,Fairfax,VA,22030,G2024,,2024-07-31,362.12,,Bank Fee,,,,,,,,,,,,,,,,,,,,
SB21B,C00300921,SB21B.142104,,,ORG,First Virginia,,,,,,11325 Random,,Fairfax,VA,22030,G2024,,2024-07-31,542.27,,Bank Fee,,,,,,,,,,,,,,,,,,,,
SB21B,C00300921,SB21B.142105,,,ORG,First Virginia,,,,,,11325 Random,,Fairfax,VA,22030,G2024,,2024-08-31,289.46,,Bank Fee,,,,,,,,,,,,,,,,,,,,
SB21B,C00300921,SB21B.142106,,,ORG,First Virginia,,,,,,11325 Random,,Fairfax,VA,22030,G2024,,2024-08-31,1014.73,,Bank Fee,,,,,,,,,,,,,,,,,,,,
SB21B,C00300921,SB21B.142107,,,ORG,First Virginia,,,,,,11325 Random,,Fairfax,VA,22030,G2024,,2024-09-30,462.48,,Bank Fee,,,,,,,,,,,,,,,,,,,,
SB21B,C00300921,SB21B.142108,,,ORG,First Virginia,,,,,,11325 Random,,Fairfax,VA,22030,G2024,,2024-09-30,993.21,,Bank Fee,,,,,,,,,,,,,,,,,,,,
SB21B,C00300921,SB21B.142249,,,ORG,GoDaddy,,,,,,14455 Hayden Road,,Scottsdale,AZ,85260,G2024,,2024-07-26,22.17,,Website Service,,,,,,,,,,,,,,,,,,,,
SB21B,C00300921,SB21B.142110,,,ORG,Image Direct Group,,,,,,200 Monroe Ave. Building 4,,Frederick,MD,21701,G2024,,2024-09-12,799.31,,Printing,,,,,,,,,,,,,,,,,,,,
SB21B,C00300921,SB21B.142111,,,ORG,Image Direct Group,,,,,,200 Monroe Ave. Building 4,,Frederick,MD,21701,G2024,,2024-09-23,3324.88,,Printing,,,,,,,,,,,,,,,,,,,,
SB21B,C00300921,SB21B.142254,,,ORG,iVOM Solutions,,,,,,1310 Eastern Ave NE,,Washington,DC,20019,G2024,,2024-07-15,650.00,,Accounting Services,,,,,,,,,,,,,,,,,,,,
SB21B,C00300921,SB21B.142255,,,ORG,iVOM Solutions,,,,,,1310 Eastern Ave NE,,Washington,DC,20019,G2024,,2024-07-15,650.00,,Accounting Services,,,,,,,,,,,,,,,,,,,,
SB21B,C00300921,SB21B.142256,,,ORG,iVOM Solutions,,,,,,1310 Eastern Ave NE,,Washington,DC,20019,G2024,,2024-08-06,650.00,,Accounting Services,,,,,,,,,,,,,,,,,,,,
SB21B,C00300921,SB21B.142257,,,ORG,iVOM Solutions,,,,,,1310 Eastern Ave NE,,Washington,DC,20019,G2024,,2024-09-11,650.00,,Accounting Services,,,,,,,,,,,,,,,,,,,,
SB21B,C00300921,SB21B.142258,,,ORG,iVOM Solutions,,,,,,1310 Eastern Ave NE,,Washington,DC,20019,G2024,,2024-09-11,650.00,,Accounting Services,,,,,,,,,,,,,,,,,,,,
SB21B,C00300921,SB21B.142265,,,ORG,Mark Ekam,,,,,,1325 G. St NW,Washington,,DC,20005,G2024,,2024-09-10,250.00,,Administrative and Management - Salary,,,,,,,,,,,,,,,,,,,,
SB21B,C00300921,SB21B.142112,,,ORG,MDI Imaging & Mail,,,,,,21955 Cascades Parkway,,Dulles,VA,20166,G2024,,2024-07-08,3500.00,,Postage,,,,,,,,,,,,,,,,,,,,
SB21B,C00300921,SB21B.142118,,,ORG,MDI Imaging & Mail,,,,,,21955 Cascades Parkway,,Dulles,VA,20166,G2024,,2024-07-08,2220.24,,Printing,,,,,,,,,,,,,,,,,,,,
SB21B,C00300921,SB21B.142119,,,ORG,MDI Imaging & Mail,,,,,,21955 Cascades Parkway,,Dulles,VA,20166,G2024,,2024-07-08,6114.73,,Printing,,,,,,,,,,,,,,,,,,,,
SB21B,C00300921,SB21B.142120,,,ORG,MDI Imaging & Mail,,,,,,21955 Cascades Parkway,,Dulles,VA,20166,G2024,,2024-07-15,1124.43,,Printing,,,,,,,,,,,,,,,,,,,,
SB21B,C00300921,SB21B.142113,,,ORG,MDI Imaging & Mail,,,,,,21955 Cascades Parkway,,Dulles,VA,20166,G2024,,2024-07-23,12500.00,,Postage,,,,,,,,,,,,,,,,,,,,
SB21B,C00300921,SB21B.142114,,,ORG,MDI Imaging & Mail,,,,,,21955 Cascades Parkway,,Dulles,VA,20166,G2024,,2024-07-23,8000.00,,Postage,,,,,,,,,,,,,,,,,,,,
SB21B,C00300921,SB21B.142121,,,ORG,MDI Imaging & Mail,,,,,,21955 Cascades Parkway,,Dulles,VA,20166,G2024,,2024-07-23,43.06,,Printing,,,,,,,,,,,,,,,,,,,,
SB21B,C00300921,SB21B.142115,,,ORG,MDI Imaging & Mail,,,,,,21955 Cascades Parkway,,Dulles,VA,20166,G2024,,2024-08-05,1200.00,,Postage,,,,,,,,,,,,,,,,,,,,
SB21B,C00300921,SB21B.142122,,,ORG,MDI Imaging & Mail,,,,,,21955 Cascades Parkway,,Dulles,VA,20166,G2024,,2024-08-12,332.81,,Printing,,,,,,,,,,,,,,,,,,,,
SB21B,C00300921,SB21B.142123,,,ORG,MDI Imaging & Mail,,,,,,21955 Cascades Parkway,,Dulles,VA,20166,G2024,,2024-08-12,2150.16,,Printing,,,,,,,,,,,,,,,,,,,,
SB21B,C00300921,SB21B.142124,,,ORG,MDI Imaging & Mail,,,,,,21955 Cascades Parkway,,Dulles,VA,20166,G2024,,2024-08-12,455.55,,Printing,,,,,,,,,,,,,,,,,,,,
SB21B,C00300921,SB21B.142116,,,ORG,MDI Imaging & Mail,,,,,,21955 Cascades Parkway,,Dulles,VA,20166,G2024,,2024-09-03,17200.00,,Postage,,,,,,,,,,,,,,,,,,,,
SB21B,C00300921,SB21B.142117,,,ORG,MDI Imaging & Mail,,,,,,21955 Cascades Parkway,,Dulles,VA,20166,G2024,,2024-09-12,4100.00,,Postage,,,,,,,,,,,,,,,,,,,,
SB21B,C00300921,SB21B.142125,,,ORG,MDI Imaging & Mail,,,,,,21955 Cascades Parkway,,Dulles,VA,20166,G2024,,2024-09-30,1538.97,,Printing,,,,,,,,,,,,,,,,,,,,
SB21B,C00300921,SB21B.142126,,,ORG,MDI Imaging & Mail,,,,,,21955 Cascades Parkway,,Dulles,VA,20166,G2024,,2024-09-30,255.91,,Printing,,,,,,,,,,,,,,,,,,,,
SB21B,C00300921,SB21B.142127,,,ORG,Moore RMG - Hagerstown,,,,,,100 Jamison Ct,,Hagerstown,MD,21740,G2024,,2024-07-15,1435.23,,List Acquisition,,,,,,,,,,,,,,,,,,,,
SB21B,C00300921,SB21B.142128,,,ORG,Moore RMG - Hagerstown,,,,,,100 Jamison Ct,,Hagerstown,MD,21740,G2024,,2024-07-15,1643.70,,List Acquisition,,,,,,,,,,,,,,,,,,,,
SB21B,C00300921,SB21B.142129,,,ORG,Moore RMG - Hagerstown,,,,,,100 Jamison Ct,,Hagerstown,MD,21740,G2024,,2024-08-05,441.32,,List Acquisition,,,,,,,,,,,,,,,,,,,,
SB21B,C00300921,SB21B.142130,,,ORG,Moore RMG - Hagerstown,,,,,,100 Jamison Ct,,Hagerstown,MD,21740,G2024,,2024-08-05,1421.94,,List Acquisition,,,,,,,,,,,,,,,,,,,,
SB21B,C00300921,SB21B.142131,,,ORG,Moore RMG - Hagerstown,,,,,,100 Jamison Ct,,Hagerstown,MD,21740,G2024,,2024-08-19,337.77,,List Acquisition,,,,,,,,,,,,,,,,,,,,
SB21B,C00300921,SB21B.142132,,,ORG,Moore RMG - Hagerstown,,,,,,100 Jamison Ct,,Hagerstown,MD,21740,G2024,,2024-08-19,1545.37,,List Acquisition,,,,,,,,,,,,,,,,,,,,
SB21B,C00300921,SB21B.142133,,,ORG,Moore RMG - Hagerstown,,,,,,100 Jamison Ct,,Hagerstown,MD,21740,G2024,,2024-09-03,1840.00,,List Acquisition,,,,,,,,,,,,,,,,,,,,
SB21B,C00300921,SB21B.142134,,,ORG,Moore RMG - Hagerstown,,,,,,100 Jamison Ct,,Hagerstown,MD,21740,G2024,,2024-09-09,655.85,,List Acquisition,,,,,,,,,,,,,,,,,,,,
SB21B,C00300921,SB21B.142135,,,ORG,Moore RMG - Hagerstown,,,,,,100 Jamison Ct,,Hagerstown,MD,21740,G2024,,2024-09-09,1818.05,,List Acquisition,,,,,,,,,,,,,,,,,,,,
SB21B,C00300921,SB21B.142136,,,ORG,Moore RMG - Hagerstown,,,,,,100 Jamison Ct,,Hagerstown,MD,21740,G2024,,2024-09-12,270.73,,List Acquisition,,,,,,,,,,,,,,,,,,,,
SB21B,C00300921,SB21B.142137,,,ORG,Moore RMG - Hagerstown,,,,,,100 Jamison Ct,,Hagerstown,MD,21740,G2024,,2024-09-12,1461.32,,List Acquisition,,,,,,,,,,,,,,,,,,,,
SB21B,C00300921,SB21B.142271,,,ORG,Nationbuilder,,,,,,PO Box 811428,,Los Angeles,CA,90081,G2024,,2024-07-11,486.54,,Website Service,,,,,,,,,,,,,,,,,,,,
SB21B,C00300921,SB21B.142272,,,ORG,Nationbuilder,,,,,,PO Box 811428,,Los Angeles,CA,90081,G2024,,2024-08-11,486.54,,Website Service,,,,,,,,,,,,,,,,,,,,
SB21B,C00300921,SB21B.142273,,,ORG,Nationbuilder,,,,,,PO Box 811428,,Los Angeles,CA,90081,G2024,,2024-09-11,486.54,,Website Service,,,,,,,,,,,,,,,,,,,,
SB21B,C00300921,SB21B.142275,,,ORG,NW Mutual,,,,,,1801 K. St. NW,,Washington,DC,20006,G2024,,2024-08-20,1097.12,,Insurance,,,,,,,,,,,,,,,,,,,,
SB21B,C00300921,SB21B.142274,,,ORG,NW Mutual,,,,,,1801 K. St. NW,,Washington,DC,20006,G2024,,2024-09-04,500.00,,Insurance,,,,,,,,,,,,,,,,,,,,
SB21B,C00300921,SB21B.142276,,,ORG,NYTimes.com,,,,,,620 8th Ave,,New York,NY,10018,G2024,,2024-07-22,29.68,,Subscription,,,,,,,,,,,,,,,,,,,,
SB21B,C00300921,SB21B.142277,,,ORG,NYTimes.com,,,,,,620 8th Ave,,New York,NY,10018,G2024,,2024-08-19,29.68,,Subscription,,,,,,,,,,,,,,,,,,,,
SB21B,C00300921,SB21B.142278,,,ORG,NYTimes.com,,,,,,620 8th Ave,,New York,NY,10018,G2024,,2024-09-16,29.68,,Subscription,,,,,,,,,,,,,,,,,,,,
SB21B,C00300921,SB21B.142138,,,ORG,Omega List Company,,,,,,1420 Spring Hill Road Suite 490,,McLean,VA,22102,G2024,,2024-07-01,18.90,,List Acquisition,,,,,,,,,,,,,,,,,,,,
SB21B,C00300921,SB21B.142139,,,ORG,Omega List Company,,,,,,1420 Spring Hill Road Suite 490,,McLean,VA,22102,G2024,,2024-07-01,22.23,,List Acquisition,,,,,,,,,,,,,,,,,,,,
SB21B,C00300921,SB21B.142140,,,ORG,Omega List Company,,,,,,1420 Spring Hill Road Suite 490,,McLean,VA,22102,G2024,,2024-07-01,27.50,,List Acquisition,,,,,,,,,,,,,,,,,,,,
SB21B,C00300921,SB21B.142141,,,ORG,Omega List Company,,,,,,1420 Spring Hill Road Suite 490,,McLean,VA,22102,G2024,,2024-07-01,31.43,,List Acquisition,,,,,,,,,,,,,,,,,,,,
SB21B,C00300921,SB21B.142142,,,ORG,Omega List Company,,,,,,1420 Spring Hill Road Suite 490,,McLean,VA,22102,G2024,,2024-07-01,36.04,,List Acquisition,,,,,,,,,,,,,,,,,,,,
SB21B,C00300921,SB21B.142143,,,ORG,Omega List Company,,,,,,1420 Spring Hill Road Suite 490,,McLean,VA,22102,G2024,,2024-07-01,37.46,,List Acquisition,,,,,,,,,,,,,,,,,,,,
SB21B,C00300921,SB21B.142144,,,ORG,Omega List Company,,,,,,1420 Spring Hill Road Suite 490,,McLean,VA,22102,G2024,,2024-07-01,39.04,,List Acquisition,,,,,,,,,,,,,,,,,,,,
SB21B,C00300921,SB21B.142145,,,ORG,Omega List Company,,,,,,1420 Spring Hill Road Suite 490,,McLean,VA,22102,G2024,,2024-07-01,69.75,,List Acquisition,,,,,,,,,,,,,,,,,,,,
SB21B,C00300921,SB21B.142146,,,ORG,Omega List Company,,,,,,1420 Spring Hill Road Suite 490,,McLean,VA,22102,G2024,,2024-07-01,70.38,,List Acquisition,,,,,,,,,,,,,,,,,,,,
SB21B,C00300921,SB21B.142147,,,ORG,Omega List Company,,,,,,1420 Spring Hill Road Suite 490,,McLean,VA,22102,G2024,,2024-07-01,116.25,,List Acquisition,,,,,,,,,,,,,,,,,,,,
SB21B,C00300921,SB21B.142148,,,ORG,Omega List Company,,,,,,1420 Spring Hill Road Suite 490,,McLean,VA,22102,G2024,,2024-07-01,116.51,,List Acquisition,,,,,,,,,,,,,,,,,,,,
SB21B,C00300921,SB21B.142149,,,ORG,Omega List Company,,,,,,1420 Spring Hill Road Suite 490,,McLean,VA,22102,G2024,,2024-07-01,139.76,,List Acquisition,,,,,,,,,,,,,,,,,,,,
SB21B,C00300921,SB21B.142150,,,ORG,Omega List Company,,,,,,1420 Spring Hill Road Suite 490,,McLean,VA,22102,G2024,,2024-07-23,15.39,,List Acquisition,,,,,,,,,,,,,,,,,,,,
SB21B,C00300921,SB21B.142151,,,ORG,Omega List Company,,,,,,1420 Spring Hill Road Suite 490,,McLean,VA,22102,G2024,,2024-07-23,18.20,,List Acquisition,,,,,,,,,,,,,,,,,,,,
SB21B,C00300921,SB21B.142152,,,ORG,Omega List Company,,,,,,1420 Spring Hill Road Suite 490,,McLean,VA,22102,G2024,,2024-07-23,23.51,,List Acquisition,,,,,,,,,,,,,,,,,,,,
SB21B,C00300921,SB21B.142153,,,ORG,Omega List Company,,,,,,1420 Spring Hill Road Suite 490,,McLean,VA,22102,G2024,,2024-07-23,38.41,,List Acquisition,,,,,,,,,,,,,,,,,,,,
SB21B,C00300921,SB21B.142154,,,ORG,Omega List Company,,,,,,1420 Spring Hill Road Suite 490,,McLean,VA,22102,G2024,,2024-07-23,60.47,,List Acquisition,,,,,,,,,,,,,,,,,,,,
SB21B,C00300921,SB21B.142155,,,ORG,Omega List Company,,,,,,1420 Spring Hill Road Suite 490,,McLean,VA,22102,G2024,,2024-07-23,93.00,,List Acquisition,,,,,,,,,,,,,,,,,,,,
SB21B,C00300921,SB21B.142156,,,ORG,Omega List Company,,,,,,1420 Spring Hill Road Suite 490,,McLean,VA,22102,G2024,,2024-07-23,105.90,,List Acquisition,,,,,,,,,,,,,,,,,,,,
SB21B,C00300921,SB21B.142157,,,ORG,Omega List Company,,,,,,1420 Spring Hill Road Suite 490,,McLean,VA,22102,G2024,,2024-07-23,116.27,,List Acquisition,,,,,,,,,,,,,,,,,,,,
SB21B,C00300921,SB21B.142158,,,ORG,Omega List Company,,,,,,1420 Spring Hill Road Suite 490,,McLean,VA,22102,G2024,,2024-07-23,116.48,,List Acquisition,,,,,,,,,,,,,,,,,,,,
SB21B,C00300921,SB21B.142159,,,ORG,Omega List Company,,,,,,1420 Spring Hill Road Suite 490,,McLean,VA,22102,G2024,,2024-07-23,116.48,,List Acquisition,,,,,,,,,,,,,,,,,,,,
SB21B,C00300921,SB21B.142160,,,ORG,Omega List Company,,,,,,1420 Spring Hill Road Suite 490,,McLean,VA,22102,G2024,,2024-07-23,116.48,,List Acquisition,,,,,,,,,,,,,,,,,,,,
SB21B,C00300921,SB21B.142161,,,ORG,Omega List Company,,,,,,1420 Spring Hill Road Suite 490,,McLean,VA,22102,G2024,,2024-07-23,128.83,,List Acquisition,,,,,,,,,,,,,,,,,,,,
SB21B,C00300921,SB21B.142162,,,ORG,Omega List Company,,,,,,1420 Spring Hill Road Suite 490,,McLean,VA,22102,G2024,,2024-07-23,135.02,,List Acquisition,,,,,,,,,,,,,,,,,,,,
SB21B,C00300921,SB21B.142163,,,ORG,Omega List Company,,,,,,1420 Spring Hill Road Suite 490,,McLean,VA,22102,G2024,,2024-07-23,211.69,,List Acquisition,,,,,,,,,,,,,,,,,,,,
SB21B,C00300921,SB21B.142164,,,ORG,Omega List Company,,,,,,1420 Spring Hill Road Suite 490,,McLean,VA,22102,G2024,,2024-07-23,259.97,,List Acquisition,,,,,,,,,,,,,,,,,,,,
SB21B,C00300921,SB21B.142165,,,ORG,Omega List Company,,,,,,1420 Spring Hill Road Suite 490,,McLean,VA,22102,G2024,,2024-07-23,428.75,,List Acquisition,,,,,,,,,,,,,,,,,,,,
SB21B,C00300921,SB21B.142166,,,ORG,Omega List Company,,,,,,1420 Spring Hill Road Suite 490,,McLean,VA,22102,G2024,,2024-07-23,576.45,,List Acquisition,,,,,,,,,,,,,,,,,,,,
SB21B,C00300921,SB21B.142167,,,ORG,Omega List Company,,,,,,1420 Spring Hill Road Suite 490,,McLean,VA,22102,G2024,,2024-07-23,686.68,,List Acquisition,,,,,,,,,,,,,,,,,,,,
SB21B,C00300921,SB21B.142168,,,ORG,Omega List Company,,,,,,1420 Spring Hill Road Suite 490,,McLean,VA,22102,G2024,,2024-08-05,13.93,,List Acquisition,,,,,,,,,,,,,,,,,,,,
SB21B,C00300921,SB21B.142169,,,ORG,Omega List Company,,,,,,1420 Spring Hill Road Suite 490,,McLean,VA,22102,G2024,,2024-08-05,15.55,,List Acquisition,,,,,,,,,,,,,,,,,,,,
SB21B,C00300921,SB21B.142170,,,ORG,Omega List Company,,,,,,1420 Spring Hill Road Suite 490,,McLean,VA,22102,G2024,,2024-08-05,23.88,,List Acquisition,,,,,,,,,,,,,,,,,,,,
SB21B,C00300921,SB21B.142171,,,ORG,Omega List Company,,,,,,1420 Spring Hill Road Suite 490,,McLean,VA,22102,G2024,,2024-08-05,28.39,,List Acquisition,,,,,,,,,,,,,,,,,,,,
SB21B,C00300921,SB21B.142172,,,ORG,Omega List Company,,,,,,1420 Spring Hill Road Suite 490,,McLean,VA,22102,G2024,,2024-08-05,71.87,,List Acquisition,,,,,,,,,,,,,,,,,,,,
SB21B,C00300921,SB21B.142173,,,ORG,Omega List Company,,,,,,1420 Spring Hill Road Suite 490,,McLean,VA,22102,G2024,,2024-08-05,89.81,,List Acquisition,,,,,,,,,,,,,,,,,,,,
SB21B,C00300921,SB21B.142174,,,ORG,Omega List Company,,,,,,1420 Spring Hill Road Suite 490,,McLean,VA,22102,G2024,,2024-08-05,116.25,,List Acquisition,,,,,,,,,,,,,,,,,,,,
SB21B,C00300921,SB21B.142175,,,ORG,Omega List Company,,,,,,1420 Spring Hill Road Suite 490,,McLean,VA,22102,G2024,,2024-08-05,116.48,,List Acquisition,,,,,,,,,,,,,,,,,,,,
SB21B,C00300921,SB21B.142176,,,ORG,Omega List Company,,,,,,1420 Spring Hill Road Suite 490,,McLean,VA,22102,G2024,,2024-08-05,116.48,,List Acquisition,,,,,,,,,,,,,,,,,,,,
SB21B,C00300921,SB21B.142177,,,ORG,Omega List Company,,,,,,1420 Spring Hill Road Suite 490,,McLean,VA,22102,G2024,,2024-08-05,116.48,,List Acquisition,,,,,,,,,,,,,,,,,,,,
SB21B,C00300921,SB21B.142178,,,ORG,Omega List Company,,,,,,1420 Spring Hill Road Suite 490,,McLean,VA,22102,G2024,,2024-08-05,256.28,,List Acquisition,,,,,,,,,,,,,,,,,,,,
SB21B,C00300921,SB21B.142179,,,ORG,Omega List Company,,,,,,1420 Spring Hill Road Suite 490,,McLean,VA,22102,G2024,,2024-08-05,428.75,,List Acquisition,,,,,,,,,,,,,,,,,,,,
SB21B,C00300921,SB21B.142180,,,ORG,Omega List Company,,,,,,1420 Spring Hill Road Suite 490,,McLean,VA,22102,G2024,,2024-08-05,465.23,,List Acquisition,,,,,,,,,,,,,,,,,,,,
SB21B,C00300921,SB21B.142181,,,ORG,Omega List Company,,,,,,1420 Spring Hill Road Suite 490,,McLean,VA,22102,G2024,,2024-08-05,998.10,,List Acquisition,,,,,,,,,,,,,,,,,,,,
SB21B,C00300921,SB21B.142182,,,ORG,Omega List Company,,,,,,1420 Spring Hill Road Suite 490,,McLean,VA,22102,G2024,,2024-08-05,1029.83,,List Acquisition,,,,,,,,,,,,,,,,,,,,
SB21B,C00300921,SB21B.142183,,,ORG,Omega List Company,,,,,,1420 Spring Hill Road Suite 490,,McLean,VA,22102,G2024,,2024-08-15,79.65,,List Acquisition,,,,,,,,,,,,,,,,,,,,
SB21B,C00300921,SB21B.142184,,,ORG,Omega List Company,,,,,,1420 Spring Hill Road Suite 490,,McLean,VA,22102,G2024,,2024-08-15,162.23,,List Acquisition,,,,,,,,,,,,,,,,,,,,
SB21B,C00300921,SB21B.142185,,,ORG,Omega List Company,,,,,,1420 Spring Hill Road Suite 490,,McLean,VA,22102,G2024,,2024-08-15,173.39,,List Acquisition,,,,,,,,,,,,,,,,,,,,
SB21B,C00300921,SB21B.142186,,,ORG,Omega List Company,,,,,,1420 Spring Hill Road Suite 490,,McLean,VA,22102,G2024,,2024-08-15,231.07,,List Acquisition,,,,,,,,,,,,,,,,,,,,
SB21B,C00300921,SB21B.142187,,,ORG,Postmaster,,,,,,6841 Elm St,,McLean,VA,22101,G2024,,2024-08-02,1370.00,,Postage,,,,,,,,,,,,,,,,,,,,
SB21B,C00300921,SB21B.142188,,,ORG,Postmaster,,,,,,6841 Elm St,,McLean,VA,22101,G2024,,2024-08-13,1000.00,,Postage,,,,,,,,,,,,,,,,,,,,
SB21B,C00300921,SB21B.142189,,,ORG,Postmaster,,,,,,6841 Elm St,,McLean,VA,22101,G2024,,2024-08-13,2000.00,,Postage,,,,,,,,,,,,,,,,,,,,
SB21B,C00300921,SB21B.142190,,,ORG,Postmaster,,,,,,6841 Elm St,,McLean,VA,22101,G2024,,2024-09-30,3000.00,,Postage,,,,,,,,,,,,,,,,,,,,
SB21B,C00300921,SB21B.142193,,,ORG,RST Marketing,,,,,,1272 Corporate Park Road,,Forest,VA,24551,G2024,,2024-08-05,2980.64,,Printing,,,,,,,,,,,,,,,,,,,,
SB21B,C00300921,SB21B.142194,,,ORG,RST Marketing,,,,,,1272 Corporate Park Road,,Forest,VA,24551,G2024,,2024-08-12,988.00,,Printing,,,,,,,,,,,,,,,,,,,,
SB21B,C00300921,SB21B.142191,,,ORG,RST Marketing,,,,,,1272 Corporate Park Road,,Forest,VA,24551,G2024,,2024-08-19,22000.00,,Postage,,,,,,,,,,,,,,,,,,,,
SB21B,C00300921,SB21B.142192,,,ORG,RST Marketing,,,,,,1272 Corporate Park Road,,Forest,VA,24551,G2024,,2024-09-12,15500.00,,Postage,,,,,,,,,,,,,,,,,,,,
SB21B,C00300921,SB21B.142195,,,ORG,Sisk Fulfillment Services,,,,,,1900 Industrial Park Dr.,,Federalsburg,MD,21632,G2024,,2024-07-29,45.00,,Direct Mail Services,,,,,,,,,,,,,,,,,,,,
SB21B,C00300921,SB21B.142196,,,ORG,Sisk Fulfillment Services,,,,,,1900 Industrial Park Dr.,,Federalsburg,MD,21632,G2024,,2024-07-29,403.22,,Direct Mail Services,,,,,,,,,,,,,,,,,,,,
SB21B,C00300921,SB21B.142197,,,ORG,Sisk Fulfillment Services,,,,,,1900 Industrial Park Dr.,,Federalsburg,MD,21632,G2024,,2024-08-05,523.91,,Direct Mail Services,,,,,,,,,,,,,,,,,,,,
SB21B,C00300921,SB21B.142198,,,ORG,Sisk Fulfillment Services,,,,,,1900 Industrial Park Dr.,,Federalsburg,MD,21632,G2024,,2024-09-03,45.00,,Direct Mail Services,,,,,,,,,,,,,,,,,,,,
SB21B,C00300921,SB21B.142199,,,ORG,Sisk Fulfillment Services,,,,,,1900 Industrial Park Dr.,,Federalsburg,MD,21632,G2024,,2024-09-23,45.00,,Direct Mail Services,,,,,,,,,,,,,,,,,,,,
SB21B,C00300921,SB21B.142200,,,ORG,Sisk Fulfillment Services,,,,,,1900 Industrial Park Dr.,,Federalsburg,MD,21632,G2024,,2024-09-23,227.84,,Direct Mail Services,,,,,,,,,,,,,,,,,,,,
SB21B,C00300921,SB21B.142284,,,ORG,USPS,,,,,,6841 Elm St,,McLean,VA,22101,G2024,,2024-08-30,14.60,,Postage,,,,,,,,,,,,,,,,,,,,
SB21B,C00300921,SB21B.142201,,,ORG,Valtim,,,,,,1095 Venture Dr.,,Forest,VA,24551,G2024,,2024-07-23,1506.90,,Direct Mail Services,,,,,,,,,,,,,,,,,,,,
SB21B,C00300921,SB21B.142202,,,ORG,Valtim,,,,,,1095 Venture Dr.,,Forest,VA,24551,G2024,,2024-08-12,1457.43,,Direct Mail Services,,,,,,,,,,,,,,,,,,,,
SB21B,C00300921,SB21B.142203,,,ORG,Valtim,,,,,,1095 Venture Dr.,,Forest,VA,24551,G2024,,2024-08-26,1082.52,,Direct Mail Services,,,,,,,,,,,,,,,,,,,,
SB21B,C00300921,SB21B.142204,,,ORG,Valtim,,,,,,1095 Venture Dr.,,Forest,VA,24551,G2024,,2024-08-26,5224.36,,Direct Mail Services,,,,,,,,,,,,,,,,,,,,
SB21B,C00300921,SB21B.142287,,,ORG,Wells Fargo,,,,,,607 N Frederick Ave,,Gaithersburg,MD,20210,G2024,,2024-07-03,52.40,,Bank Fee,,,,,,,,,,,,,,,,,,,,
SB21B,C00300921,SB21B.142288,,,ORG,Wells Fargo,,,,,,607 N Frederick Ave,,Gaithersburg,MD,20210,G2024,,2024-08-05,52.40,,Bank Fee,,,,,,,,,,,,,,,,,,,,
SB21B,C00300921,SB21B.142285,,,ORG,Wells Fargo,,,,,,607 N Frederick Ave,,Gaithersburg,MD,20210,G2024,,2024-08-27,15.00,,Bank Fee,,,,,,,,,,,,,,,,,,,,
SB21B,C00300921,SB21B.142289,,,ORG,Wells Fargo,,,,,,607 N Frederick Ave,,Gaithersburg,MD,20210,G2024,,2024-09-03,202.40,,Bank Fee,,,,,,,,,,,,,,,,,,,,
SB21B,C00300921,SB21B.142286,,,ORG,Wells Fargo,,,,,,607 N Frederick Ave,,Gaithersburg,MD,20210,G2024,,2024-09-17,15.00,,Bank Fee,,,,,,,,,,,,,,,,,,,,
SB21B,C00300921,SB21B.142290,,,ORG,Xero,,,,,,1615 Plate St,,Denver,CO,80202,G2024,,2024-07-11,42.00,,Website Service,,,,,,,,,,,,,,,,,,,,
SB21B,C00300921,SB21B.142291,,,ORG,Xero,,,,,,1615 Plate St,,Denver,CO,80202,G2024,,2024-08-11,42.00,,Website Service,,,,,,,,,,,,,,,,,,,,
SB21B,C00300921,SB21B.142292,,,ORG,Xero,,,,,,1615 Plate St,,Denver,CO,80202,G2024,,2024-09-11,42.00,,Website Service,,,,,,,,,,,,,,,,,,,,
